CMPD_CHEMBLID,exp,smiles
CHEMBL544127,17,Cl.CC(C)CN(C)Cc1cc(ccc1O)C(=O)c2csc(c2)S(=O)(=O)N
CHEMBL281460,1.95,CCC1NC(=O)OC12CCN(CCc3c[nH]c4ccccc34)CC2
CHEMBL151589,-0.1,C1CC[C@]23NC[C@H](Cc4ccccc24)[C@@H]3C1
CHEMBL76913,1.97,[Na+].[O-]C(=O)Cc1cc(Cl)ccc1Nc2c(Cl)cccc2Cl
CHEMBL76084,1.17,Cc1cccc(Cl)c1Nc2ccccc2CC(=O)O
CHEMBL28059,2.61,O=C1NC(c2ccccc2)C3(CCN(CCc4c[nH]c5ccccc45)CC3)O1
CHEMBL149975,0.94,CN1C[C@@H]2Cc3ccccc3[C@]14CCCC[C@@H]24
CHEMBL76912,1.48,[Na+].[O-]C(=O)Cc1cc(F)ccc1Nc2c(Cl)cccc2Cl
CHEMBL25591,1.45,O=C1NCC2(CCN(CCc3c[nH]c4ccccc34)CC2)O1
CHEMBL27929,2.42,CCCC1CN(CCc2c[nH]c3ccccc23)CCC14CNC(=O)O4
CHEMBL340519,33.2,COc1ccc(cc1)C(=O)c2coc(c2)S(=O)(=O)N
CHEMBL28146,2.95,O=C1OC2(CCN(CCc3c[nH]c4ccccc34)CC2)CN1CCc5ccccc5
CHEMBL73962,0.00001,NS(=O)(=O)c1nnc(NS(=O)(=O)c2ccccc2)s1
CHEMBL77977,1.62,[Na+].[O-]C(=O)Cc1cc(F)ccc1Nc2c(Cl)cc(F)cc2Cl
CHEMBL6,1,COc1ccc2c(c1)c(CC(=O)O)c(C)n2C(=O)c3ccc(Cl)cc3
CHEMBL75976,0.51,COc1c(O)cc(Cl)c(Nc2ccccc2CC(=O)O)c1Cl
CHEMBL24522,1.73,CN1CC2(CCN(CCc3c[nH]c4ccccc34)CC2)OC1=O
CHEMBL24974,2.79,OC(CN1CCC2(CC1)CN(CCc3ccccc3)C(=O)O2)C4COc5ccccc5O4
CHEMBL283477,2.91,O=C1OC2(CCN(CCc3c[nH]c4ccccc34)CC2)CN1Cc5ccccc5
CHEMBL1695,1.59,Cl.Cc1ccsc1C(=CCCN2CCC[C@H](C2)C(=O)O)c3sccc3C
CHEMBL144006,1.759,NC(=O)CC(\\N=C(/S)\\Nc1ccc(cc1)S(=O)(=O)N)C(=O)O
CHEMBL541089,0.36,Cl.CN(C)Cc1cc(ccc1O)C(=O)c2csc(c2)S(=O)(=O)N
CHEMBL76151,1.91,CCc1cccc(CC)c1Nc2ccccc2CC(=O)O
CHEMBL25095,1.21,CC1NC(=O)OC12CCN(CC(O)C3COc4ccccc4O3)CC2
CHEMBL310696,1.33,OC(=O)Cc1ccccc1Nc2ccc(Cl)cc2Cl
CHEMBL76657,1.8,OC(=O)Cc1ccccc1Nc2ccc(Cl)c(Cl)c2
CHEMBL27383,2.05,CC(C)N1CC2(CCN(CC(O)C3COc4ccccc4O3)CC2)OC1=O
CHEMBL78188,0.19,OC(=O)Cc1ccccc1Nc2ccccc2
CHEMBL308378,1.95,Cc1cc(C)c(C)c(Nc2ccccc2CC(=O)O)c1C
CHEMBL555153,9.5,Cl.NS(=O)(=O)c1cc(cs1)S(=O)(=O)c2ccc(CN3CCOCC3)cc2
CHEMBL539817,4.8,Cl.CC(C)CN(C)Cc1cc(ccc1O)S(=O)(=O)c2csc(c2)S(=O)(=O)N
CHEMBL27989,2.31,CCCC1NC(=O)OC12CCN(CCc3c[nH]c4ccccc34)CC2
CHEMBL283545,0.96,COc1ccccc1OCC(O)CN2CCC3(CC2)CN(C)C(=O)O3
CHEMBL147726,0.05,NS(=O)(=O)c1ccc(N\\C(=N\\C(CC(=O)O)C(=O)O)\\S)cc1
CHEMBL308266,1.44,[Na+].[O-]C(=O)Cc1ccccc1Nc2c(Cl)cccc2Br
CHEMBL544355,10.6,Cl.CC(C)CCNCc1cccc(c1)C(=O)c2csc(c2)S(=O)(=O)N
CHEMBL554875,2.4,Cl.CN1CCN(Cc2ccc(cc2)S(=O)(=O)c3csc(c3)S(=O)(=O)N)CC1
CHEMBL27212,2.01,CCC1CN(CCc2c[nH]c3ccccc23)CCC14CNC(=O)O4
CHEMBL27271,2.41,OC(CN1CCC2(CC1)OC(=O)NC2Cc3ccccc3)C4COc5ccccc5O4
CHEMBL559014,13.4,Cl.CN1CCN(Cc2ccccc2S(=O)(=O)c3csc(c3)S(=O)(=O)N)CC1
CHEMBL553909,0.11,Cl.CN(C)Cc1cc(ccc1O)S(=O)(=O)c2coc(c2)S(=O)(=O)N
CHEMBL27095,0.98,OC(CN1CCC2(CC1)CNC(=O)O2)C3COc4ccccc4O3
CHEMBL283224,2.14,CCC1N(C)C(=O)OC12CCN(CCc3c[nH]c4ccccc34)CC2
CHEMBL148069,1.459,NS(=O)(=O)c1ccc(N\\C(=N\\C(CO)C(=O)O)\\S)cc1
CHEMBL77823,0.91,OC(=O)Cc1ccccc1Nc2ccccc2Cl
CHEMBL545057,0.81,Cl.CCN(CC)Cc1cc(ccc1O)S(=O)(=O)c2csc(c2)S(=O)(=O)N
CHEMBL123923,31,Cc1ccc(cc1)S(=O)(=O)c2coc(c2)S(=O)(=O)N
CHEMBL218490,2,CCN[C@H]1C[C@H](C)S(=O)(=O)c2sc(cc12)S(=O)(=O)N
CHEMBL77576,1.54,Cc1c(Cl)cccc1Nc2ccccc2CC(=O)O
CHEMBL20,0.001,CC(=O)Nc1nnc(s1)S(=O)(=O)N
CHEMBL544827,5,Cl.CC(C)CNCc1ccc(cc1)C(=O)c2csc(c2)S(=O)(=O)N
CHEMBL32085,2.153,CC(C)(C)C(=O)Oc1ccc(C[C@@H]2NC(=O)COC2=O)cc1O
CHEMBL440731,1.21,Cc1nc(C)c2CC(C)(C)C(=O)N(Cc3ccc(cc3)c4ccccc4c5nn[nH]n5)c2n1
CHEMBL153472,1.41,CC(C)c1nc(C)nc2N(Cc3ccc(cc3)c4ccccc4c5nn[nH]n5)C(=O)CCc12
CHEMBL1033,0.25,COc1cc(Cl)c(Nc2ccccc2CC(=O)O)c(Cl)c1O
CHEMBL540329,0.14,Cl.CNCc1ccc(cc1)C(=O)c2csc(c2)S(=O)(=O)N
CHEMBL541087,3.7,Cl.CCCCNCc1ccc(cc1)C(=O)c2csc(c2)S(=O)(=O)N
CHEMBL286987,2.36,CCCN1CC2(CCN(CCc3c[nH]c4ccccc34)CC2)OC1=O
CHEMBL1034,1.13,[Na+].[O-]C(=O)Cc1ccccc1Nc2c(Cl)cccc2Cl
CHEMBL76154,1.21,Cc1cccc(C)c1Nc2ccccc2CC(=O)O
CHEMBL127817,25,NS(=O)(=O)c1cc(cs1)S(=O)(=O)c2cccc(O)c2
CHEMBL283895,2.68,O=C1NC(Cc2ccccc2)C3(CCN(CCc4c[nH]c5ccccc45)CC3)O1
CHEMBL541341,2.3,Cl.CN1CCN(Cc2ccc(cc2)C(=O)c3csc(c3)S(=O)(=O)N)CC1
CHEMBL555312,30,Cl.CC(C)CNCc1ccc(cc1O)S(=O)(=O)c2csc(c2)S(=O)(=O)N
CHEMBL17671,-0.15,CN1CCN(CC(=O)N2c3ccccc3NC(=O)c4cscc24)CC1
CHEMBL75754,2.93,Cc1cc(C)c(C)c(Nc2ccc(Cl)cc2CC(=O)O)c1C
CHEMBL555186,2.63,Cl.CC(C)CNCc1cccc(c1)C(=O)c2csc(c2)S(=O)(=O)N
CHEMBL24469,1.43,CC1NC(=O)OC12CCN(CCc3c[nH]c4ccccc34)CC2
CHEMBL423839,2.19,COc1ccccc1OCC(O)CN2CCC3(CC2)CN(Cc4ccccc4)C(=O)O3
CHEMBL262726,23,COc1ccc(cc1)S(=O)(=O)c2csc(c2)S(=O)(=O)N
CHEMBL309569,1.98,OC(=O)Cc1ccccc1Nc2cc(Cl)cc(Cl)c2
CHEMBL77245,0.55,[Na+].[O-]C(=O)Cc1ccccc1Nc2ccc(F)cc2F
CHEMBL284237,2.1,C[C@]12N[C@H](Cc3ccccc13)c4ccccc24
CHEMBL557231,0.3,Cl.NS(=O)(=O)c1cc(cs1)S(=O)(=O)c2ccccc2CNCc3ccccn3
CHEMBL333747,0.79,NS(=O)(=O)c1occ(c1)S(=O)(=O)c2ccc(O)cc2
CHEMBL76818,0.56,[Na+].[O-]C(=O)Cc1ccccc1Nc2c(F)cccc2Cl
CHEMBL279516,2.13,O=C(NC1CCN(CCc2c[nH]c3ccccc23)CC1)c4ccccc4
CHEMBL151238,0.53,CN1CC[C@]23CCCC[C@@]12c4ccccc4CC3
CHEMBL1031,0.76,OC(=O)Cc1cc(O)ccc1Nc2c(Cl)cccc2Cl
CHEMBL341530,13,NS(=O)(=O)c1cc(cs1)S(=O)(=O)c2ccc(O)cc2
CHEMBL539558,2.1,Cl.CCCCNCc1ccc(cc1)S(=O)(=O)c2csc(c2)S(=O)(=O)N
CHEMBL77731,1.87,OC(=O)Cc1c(Br)cccc1Nc2c(Cl)cccc2Cl
CHEMBL1030,0.7,OC(=O)Cc1ccccc1Nc2c(Cl)cc(O)cc2Cl
CHEMBL276771,0.11,CN1CCN(CC(=O)N2c3ccccc3NC(=O)c4ccccc24)CC1
CHEMBL1035,0.72,OC(=O)Cc1ccccc1Nc2c(Cl)ccc(O)c2Cl
CHEMBL538536,4.2,Cl.CCN(CC)Cc1cc(ccc1O)S(=O)(=O)c2coc(c2)S(=O)(=O)N
CHEMBL555355,13,Cl.NS(=O)(=O)c1cc(cs1)C(=O)c2cccc(CN3CCOCC3)c2
CHEMBL543415,6.4,Cl.CC(C)CNCc1ccc(cc1)S(=O)(=O)c2csc(c2)S(=O)(=O)N
CHEMBL541597,0.72,Cl.CC(C)(C)NCc1ccc(cc1)S(=O)(=O)c2csc(c2)S(=O)(=O)N
CHEMBL277078,-0.42,CN1CCN(CC(=O)N2c3ccccc3NC(=O)c4cccnc24)CC1
CHEMBL19,0.06,CN1N=C(S/C/1=N/C(=O)C)S(=O)(=O)N
CHEMBL75858,1.27,[Na+].[O-]C(=O)Cc1ccccc1Nc2c(Cl)cc(F)cc2Cl
CHEMBL75296,0.26,[Na+].[O-]C(=O)Cc1ccccc1Nc2c(F)cccc2F
CHEMBL545756,15.1,Cl.NS(=O)(=O)c1cc(cs1)C(=O)c2ccc(CN3CCOCC3)cc2
CHEMBL541856,4.1,Cl.CC(C)CNCc1cccc(c1)S(=O)(=O)c2csc(c2)S(=O)(=O)N
CHEMBL597,0.82,Cc1ccc(cc1)N(CC2=NCCN2)c3cccc(O)c3
CHEMBL144383,3.652,NS(=O)(=O)c1ccc(N\\C(=N\\C(C(=O)O)c2ccccc2)\\S)cc1
CHEMBL144716,0.09,NS(=O)(=O)c1ccc(N\\C(=N\\C(CS)C(=O)O)\\S)cc1
CHEMBL308821,1.03,Cc1cccc(Nc2ccccc2CC(=O)O)c1C
CHEMBL1032,0.27,OC(=O)Cc1cc(O)ccc1Nc2c(Cl)cc(O)cc2Cl
CHEMBL540835,52,Cl.NS(=O)(=O)c1cc(cs1)C(=O)c2ccc(CNCc3ccccc3)cc2
CHEMBL542219,2.3,Cl.CCN(CC)Cc1cc(ccc1O)C(=O)c2csc(c2)S(=O)(=O)N
CHEMBL541080,0.21,Cl.CN(C)Cc1cc(ccc1O)S(=O)(=O)c2csc(c2)S(=O)(=O)N
CHEMBL123979,14.7,COc1ccc(cc1)S(=O)(=O)c2coc(c2)S(=O)(=O)N
CHEMBL77914,1.73,[Na+].Oc1cccc(Nc2c(Cl)cccc2Cl)c1CC(=O)[O-]
CHEMBL28274,1.43,CN1CC2(CCN(CC(O)C3COc4ccccc4O3)CC2)OC1=O
CHEMBL281949,1.92,CCN1CC2(CCN(CCc3c[nH]c4ccccc34)CC2)OC1=O
CHEMBL431883,2.4,CC(C)N1CC2(CCN(CCc3c[nH]c4ccccc34)CC2)OC1=O
CHEMBL151150,1.1,CN[C@]12CCCC[C@H]1CCc3ccccc23
CHEMBL75811,1.69,[Na+].Cc1ccc(Cl)c(Nc2ccccc2CC(=O)[O-])c1Cl
CHEMBL125102,26,NS(=O)(=O)c1cc(cs1)C(=O)c2ccc(O)cc2
CHEMBL341037,146,Cc1ccc(cc1)C(=O)c2csc(c2)S(=O)(=O)N
CHEMBL555588,14.8,Cl.CC(C)CNCc1ccccc1S(=O)(=O)c2csc(c2)S(=O)(=O)N
CHEMBL449952,1.59,Cc1cccc(Nc2ccccc2CC(=O)O)c1Cl
CHEMBL25517,2.41,OC(CN1CCC2(CC1)OC(=O)NC2c3ccccc3)C4COc5ccccc5O4
CHEMBL24740,0.69,COc1ccccc1OCC(O)CN2CCC3(CC2)CNC(=O)O3
CHEMBL75631,1.24,COc1cc(Cl)c(Nc2ccccc2CC(=O)O)c(Cl)c1
CHEMBL76372,1.64,OC(=O)Cc1ccccc1Nc2c(Cl)cccc2I
CHEMBL545527,2.7,Cl.CCN(CC)Cc1ccc(cc1O)S(=O)(=O)c2csc(c2)S(=O)(=O)N
CHEMBL77981,1.64,OC(=O)Cc1ccccc1Nc2cc(Cl)ccc2Cl
CHEMBL18,25,CCOc1ccc2nc(sc2c1)S(=O)(=O)N
CHEMBL76300,1.18,COc1ccc(Cl)c(Nc2ccccc2CC(=O)O)c1Cl
CHEMBL413114,57,COc1ccc(cc1)C(=O)c2csc(c2)S(=O)(=O)N
CHEMBL333588,43,Cc1ccc(cc1)S(=O)(=O)c2csc(c2)S(=O)(=O)N
CHEMBL9967,-0.64,CN1CCN(CC(=O)N2c3ccccc3C(=O)Nc4cccnc24)CC1
CHEMBL144946,2.314,NS(=O)(=O)c1ccc(N\\C(=N\\C(C(O)c2ccccc2)C(=O)O)\\S)cc1
CHEMBL544826,3,Cl.CCC(C)NCc1cccc(c1)S(=O)(=O)c2csc(c2)S(=O)(=O)N
CHEMBL306994,1.66,OC(=O)Cc1ccccc1Nc2cccc(Cl)c2Cl
CHEMBL544129,11.5,Cl.NS(=O)(=O)c1cc(cs1)S(=O)(=O)c2ccc(CNCc3ccccn3)cc2
CHEMBL554012,0.91,Cl.CC(C)NCc1cccc(c1)S(=O)(=O)c2csc(c2)S(=O)(=O)N
CHEMBL46151,1.43,CCN(CC)CCS\\C(=N/O)\\C(=O)c1ccc(OC)cc1
CHEMBL295017,3.38,CCCS\\C(=N/O)\\C(=O)c1ccc(Br)cc1
CHEMBL297316,-1.55,[Cl-].C[N+](C)(C)CCS\\C(=N/O)\\C(=O)c1ccc(F)cc1
CHEMBL544030,2.11,Cl.COCCNCc1cc2cc(sc2s1)S(=O)(=O)N
CHEMBL554425,37.8,Cl.COCCN(CCOC)Cc1cc2cc(sc2s1)S(=O)(=O)N
CHEMBL543792,17.4,Cl.CC(C)CNCc1cc2sc(cc2s1)S(=O)(=O)N
CHEMBL14598,0.49,COc1ccc(cc1)C(=O)\\C(=N\\O)\\SCCCN(C)C.OC(=O)C(=O)O
CHEMBL296429,-1.44,[Cl-].Cc1ccc(cc1)C(=O)\\C(=N\\O)\\SCC[N+](C)(C)C
CHEMBL544022,1.97,Cl.CCN(CC)CCS\\C(=N/O)\\C(=O)c1ccc(Cl)cc1
CHEMBL54265,-0.34,CN(C)CCc1c[nH]c2ccc(cc12)n3cncn3
CHEMBL53764,-0.13,CN(C)CCc1c[nH]c2ccc(cc12)n3ccnc3C
CHEMBL540026,14.8,Cl.NS(=O)(=O)c1cc2cc(CN3CCOCC3)sc2s1
CHEMBL553832,5.1,Cl.COCCOCCNC(C)c1cc2cc(sc2s1)S(=O)(=O)N
CHEMBL45118,-1.6,[Cl-].CC[N+](C)(CC)CCS\\C(=N/O)\\C(=O)c1ccc(OC)cc1
CHEMBL39317,0.25,CS(=O)(=O)Nc1ccc(Cc2noc(n2)c3ccc4[nH]cc(CCN)c4c3)cc1
CHEMBL299213,0.02,CCn1nnc(Cc2ccc3[nH]cc(CCN(C)C)c3c2)n1
CHEMBL56098,2.7,COc1ccc(cc1)C2=C(N(C)C(=O)C(=C2)c3nc(C)cs3)c4ccnnc4
CHEMBL47284,1.15,CN(C)CCS\\C(=N/O)\\C(=O)c1ccc(F)cc1
CHEMBL53128,-0.94,CN(C)CCc1c[nH]c2ccc(Cc3nnnn3C)cc12
CHEMBL53467,-0.34,CN(C)CCc1c[nH]c2ccc(Cn3ncnn3)cc12
CHEMBL51108,-1.01,CN(C)CCc1c[nH]c2ccc(Cc3ncn(C)n3)cc12
CHEMBL284565,2.69,COc1ccc2cc(ccc2c1)C(C)C(=O)OCCCCOC(=O)CCCN3CCN(C)CC3
CHEMBL284565,1.41,COc1ccc2cc(ccc2c1)C(C)C(=O)OCCCCOC(=O)CCCN3CCN(C)CC3
CHEMBL555385,0.29,Cl.CNCc1cc2cc(sc2s1)S(=O)(=O)N
CHEMBL542609,1.52,Cl.CN(C)CCS\\C(=N/O)\\C(=O)c1ccc(C)cc1
CHEMBL128,-1.17,CNS(=O)(=O)Cc1ccc2[nH]cc(CCN(C)C)c2c1
CHEMBL52912,-0.53,CN(C)CCc1c[nH]c2ccc(Cn3ccnc3)cc12
CHEMBL54103,-1.44,CN(C)CCc1c[nH]c2ccc(Cc3nncn3C)cc12
CHEMBL554042,1.7,Cl.NS(=O)(=O)c1cc2cc(CN(CCO)CCO)sc2s1
CHEMBL552892,0.32,Cl.CNCc1cc2sc(cc2s1)S(=O)(=O)N
CHEMBL552890,0.19,Cl.NS(=O)(=O)c1cc2cc(CNCCO)sc2s1
CHEMBL47375,-1.96,[Cl-].COc1ccc(cc1)C(=O)\\C(=N\\O)\\SCC[N+](C)(C)C
CHEMBL542360,1.74,Cl.CN(C)CCS\\C(=N/O)\\C(=O)c1ccc(Cl)cc1
CHEMBL52264,-0.75,CN(C)CCc1c[nH]c2ccc(Cc3ncnn3C)cc12
CHEMBL36370,2.14,COc1ccc2cc(ccc2c1)C(C)C(=O)OCCOC(=O)CN3CCOCC3
CHEMBL36370,2.62,COc1ccc2cc(ccc2c1)C(C)C(=O)OCCOC(=O)CN3CCOCC3
CHEMBL543798,0.73,Cl.COCCOCCCNCc1cc2cc(sc2s1)S(=O)(=O)N
CHEMBL556132,3.23,Cl.COCCNCc1cc2sc(cc2s1)S(=O)(=O)N
CHEMBL51975,0.45,NS(=O)(=O)c1cc2cc(sc2s1)C(=O)NCC(O)CO
CHEMBL416464,1.07,COc1ccc(cc1)C(=O)\\C(=N\\O)\\SCCN(C)C
CHEMBL47815,-0.8,[Cl-].C[N+](C)(C)CCS\\C(=N/O)\\C(=O)c1ccc(Cl)cc1
CHEMBL417690,1.3,COc1ccc2cc(ccc2c1)C(C)C(=O)OCCCCOC(=O)CN3CCN(C)CC3
CHEMBL417690,0.94,COc1ccc2cc(ccc2c1)C(C)C(=O)OCCCCOC(=O)CN3CCN(C)CC3
CHEMBL538245,8.4,Cl.CC(C)CNCc1cc2cc(sc2s1)S(=O)(=O)N
CHEMBL296786,-0.42,[Cl-].CC[N+](C)(CC)CCS\\C(=N/O)\\C(=O)c1ccc(Cl)cc1
CHEMBL542372,1.6,Cl.COCCCNCc1cc2cc(sc2s1)S(=O)(=O)N
CHEMBL555543,13.7,Cl.NS(=O)(=O)c1cc2cc(CN3CCSCC3)sc2s1
CHEMBL544731,31.8,Cl.NS(=O)(=O)c1cc2cc(sc2s1)C(=O)NCCN3CCSCC3
CHEMBL37948,1.16,COc1ccc2cc(ccc2c1)C(C)C(=O)OCCOC(=O)CN3CCN(C)CC3
CHEMBL37948,0.43,COc1ccc2cc(ccc2c1)C(C)C(=O)OCCOC(=O)CN3CCN(C)CC3
CHEMBL542122,14.8,Cl.CC(C=O)N(Cc1cc2cc(sc2s1)S(=O)(=O)N)C(C)C=O
CHEMBL544738,36,Cl.COCCN(CCOC)Cc1cc2sc(cc2s1)S(=O)(=O)N
CHEMBL545431,3.86,Cl.NS(=O)(=O)c1cc2cc(sc2s1)C(=O)NCCN3CCOCC3
CHEMBL905,-0.74,CN(C)CCc1c[nH]c2ccc(Cn3cncn3)cc12
CHEMBL53485,-0.64,CN(C)CCc1c[nH]c2ccc(Cn3cnnn3)cc12
CHEMBL544669,2.41,Cl.CCN(CC)CCS\\C(=N/O)\\C(=O)c1ccc(Br)cc1
CHEMBL52944,1.29,NS(=O)(=O)c1cc2cc(CN3CC[S+]([O-])CC3)sc2s1
CHEMBL541044,1.7,Cl.CN(C)CCS\\C(=N/O)\\C(=O)c1ccc(Br)cc1
CHEMBL50834,-0.43,CCn1nnnc1Cc2ccc3[nH]cc(CCN(C)C)c3c2
CHEMBL298974,-0.2,CN(C)CCc1c[nH]c2ccc(Cn3nccn3)cc12
CHEMBL553217,0.36,Cl.C[S+]([O-])CCNCc1cc2cc(sc2s1)S(=O)(=O)N
CHEMBL553951,2.5,Cl.NS(=O)(=O)c1cc2cc(CNCC3CC3)sc2s1
CHEMBL555889,0.4,Cl.CN(C)CCNC(=O)c1cc2cc(sc2s1)S(=O)(=O)N
CHEMBL555542,0.21,Cl.NS(=O)(=O)c1cc2cc(CNCCCCO)sc2s1
CHEMBL35214,3.04,COc1ccc2cc(ccc2c1)C(C)C(=O)OCCCCOC(=O)CCN3CCN(C)CC3
CHEMBL35214,1.02,COc1ccc2cc(ccc2c1)C(C)C(=O)OCCCCOC(=O)CCN3CCN(C)CC3
CHEMBL539259,0.84,Cl.CC(C)(C)NCc1cc2cc(sc2s1)S(=O)(=O)N
CHEMBL543559,13.9,Cl.COCCOCCN(CCOC)Cc1cc2cc(sc2s1)S(=O)(=O)N
CHEMBL416644,-1.17,[Cl-].CC[N+](C)(CC)CCS\\C(=N/O)\\C(=O)c1ccc(F)cc1
CHEMBL298544,-0.51,CN(C)CCc1c[nH]c2ccc(Cc3nnn(C)n3)cc12
CHEMBL294600,3.6,COc1ccc(cc1)C2=C(N(C)C(=O)C(=C2)c3nc(C)cs3)c4ccncc4
CHEMBL53964,0.7,C[S+]([O-])CCNC(=O)c1cc2cc(sc2s1)S(=O)(=O)N
CHEMBL555548,9.81,Cl.COCCOCCN(CCOCCOC)Cc1cc2cc(sc2s1)S(=O)(=O)N
CHEMBL544970,15.2,Cl.CSCCNCc1cc2cc(sc2s1)S(=O)(=O)N
CHEMBL544032,5.04,Cl.NS(=O)(=O)c1cc2cc(CNCCF)sc2s1
CHEMBL296560,-0.55,[I-].C[N+](C)(C)CCS\\C(=N/O)\\C(=O)c1ccc(Br)cc1
CHEMBL555477,2.32,Cl.CN(C)CCS\\C(=N/O)\\C(=O)c1cccc2ccccc12
CHEMBL53349,-0.74,CN(C)CCc1c[nH]c2ccc(Cn3ccnc3C)cc12
CHEMBL50837,-0.7,CN(C)CCc1c[nH]c2ccc(Cn3ccnn3)cc12
CHEMBL539258,0.55,Cl.CS(=O)(=O)CCNCc1cc2cc(sc2s1)S(=O)(=O)N
CHEMBL39243,-0.67,CN(C)CCc1c[nH]c2ccc(Cc3onc(N)n3)cc12
CHEMBL550,-0.15,CC[C@H]1[C@@H](Cc2cncn2C)COC1=O
CHEMBL57267,0.57,CN(C)c1ccc(cc1)c2sc3cc(C)ccc3[n+]2C
CHEMBL277474,0.6,CN1N(C(=O)C=C1C)c2ccccc2
CHEMBL277474,0.6,CN1N(C(=O)C=C1C)c2ccccc2
CHEMBL277474,0.6,CN1N(C(=O)C=C1C)c2ccccc2
CHEMBL332697,3,COc1cc(\\C=C\\C(=O)N2CCC(CC2)n3c(O)nc4ccccc34)c(cc1OC)[N+](=O)[O-]
CHEMBL324170,3.1,[O-][N+](=O)c1cc2OCOc2cc1COC(=O)N3CCC4(CC3)N(CNC4=O)c5ccccc5
CHEMBL177902,3.52,CC[C@@H]([C@H](CO)Cc1cncn1C)C(=O)OCc2ccc(cc2)C(C)(C)C
CHEMBL324257,3.4,O=C(OCc1ccc2nsnc2c1)N3CCC4(CC3)N(CNC4=O)c5ccccc5
CHEMBL326538,4,O=C(OCc1cccc(Oc2ccccc2)c1)N3CCC4(CC3)N(CNC4=O)c5ccccc5
CHEMBL324297,2.4,Oc1nc2ccccc2n1C3CCN(Cc4cc5OCOc5cc4[N+](=O)[O-])CC3
CHEMBL115229,2.9,Oc1nc2ccccc2n1C3=CCN(Cc4cc5OCOc5cc4[N+](=O)[O-])CC3
CHEMBL114716,0.047,N\\C(=N/c1ccc(CCCCO)cc1)\\Nc2ccc(CCCCO)cc2
CHEMBL115444,4.2,Oc1nc2ccccc2n1C3CCN(CC3)C(=O)OCc4cc5OCOc5cc4Cl
CHEMBL324471,3,COc1cc(\\C=C\\C(=O)N2CCC3(CC2)N(CNC3=O)c4ccccc4)c(cc1OC)[N+](=O)[O-]
CHEMBL81602,0.7,Cc1ccc(NC(=N)Nc2ccc(C)cc2)cc1
CHEMBL109210,4.1,CCCCc1ccc(NC(=N)Nc2ccc(CCCC)cc2)cc1
CHEMBL420863,2.6,Cc1ccc2nc(O)n(C3CCN(Cc4cc5OCOc5cc4Cl)CC3)c2c1
CHEMBL114280,1.8,Oc1nc2ccccc2n1CCCNCc3cc4OCOc4cc3Cl
CHEMBL108,2.45,NC(=O)N1c2ccccc2C=Cc3ccccc13
CHEMBL108,2.45,NC(=O)N1c2ccccc2C=Cc3ccccc13
CHEMBL108,2.45,NC(=O)N1c2ccccc2C=Cc3ccccc13
CHEMBL176733,2.54,CC[C@@H]([C@H](CO)Cc1cncn1C)C(=O)OCc2ccc(Cl)cc2
CHEMBL93334,2.7,CNc1ccc(cc1)c2nc3ccccc3s2
CHEMBL325674,4,O=C(OC1CCc2ccccc12)N3CCC4(CC3)N(CNC4=O)c5ccccc5
CHEMBL419214,3.4,Cc1ncc([N+](=O)[O-])n1CCNC(=O)N2CCC(CC2)c3cc([nH]n3)c4ccc(Cl)cc4Cl
CHEMBL115222,2.9,CNC(=O)CN1CN(c2ccccc2)C3(CCN(Cc4cc5OCOc5cc4Cl)CC3)C1=O
CHEMBL106939,2.707,CN(C)Cc1ccccc1Sc2ccc(cc2N)C#N
CHEMBL114327,3.2,Oc1nc2ccccc2n1CCNC(=O)OCc3cc4OCOc4cc3Cl
CHEMBL115284,1.1,Clc1cc2OCOc2cc1COC(=O)N3CCC(CC3)N4C(=O)CNc5ccccc45
CHEMBL325697,4,[O-][N+](=O)c1ccc(c(c1)[N+](=O)[O-])S(=O)(=O)N2CCN(CC2)C(=O)c3cc4cc(Cl)ccc4[nH]3
CHEMBL174170,1.58,CCCCOC(=O)[C@@H](CC)[C@H](CO)Cc1cncn1C
CHEMBL325750,2.6,O=C1NCN(c2ccccc2)C13CCN(Cc4ccc5nsnc5c4)CC3
CHEMBL744,3.43,Nc1nc2ccc(OC(F)(F)F)cc2s1
CHEMBL81626,2.72,CC(C)c1ccc(NC(=N)Nc2ccc(cc2)C(C)C)cc1
CHEMBL326130,3.13,N=C(Nc1ccc(cc1)c2ccccc2)Nc3ccc(cc3)c4ccccc4
CHEMBL114204,2.4,COc1cc(CC(=O)N2CCC(CC2)n3c(O)nc4ccccc34)c(cc1OC)[N+](=O)[O-]
CHEMBL114824,3,[O-][N+](=O)c1ccc(N2CCN(CC2)C(=O)Cc3c[nH]c4ccc(Br)cc34)c5nonc15
CHEMBL112806,3.46,CC(C)(C)c1ccc(NC(=N)Nc2ccc(OCc3ccccc3)cc2)cc1
CHEMBL28853,2.7,COc1ccc(\\N=C(/N)\\Nc2ccc3CCc4cccc2c34)c5ccccc15
CHEMBL35,1.03,NS(=O)(=O)c1cc(C(=O)O)c(NCc2occc2)cc1Cl
CHEMBL35,-0.9,NS(=O)(=O)c1cc(C(=O)O)c(NCc2occc2)cc1Cl
CHEMBL35,-0.5,NS(=O)(=O)c1cc(C(=O)O)c(NCc2occc2)cc1Cl
CHEMBL35,0.4,NS(=O)(=O)c1cc(C(=O)O)c(NCc2occc2)cc1Cl
CHEMBL325215,1.72,CCCCOc1ccc(NC(=N)Nc2ccc(CCCCO)cc2)cc1
CHEMBL114379,3,Oc1nc2ccccc2n1C3CCN(Cc4cc5OCOc5cc4Cl)CC3
CHEMBL333843,4,Oc1nc2ccccc2n1CCCNC(=O)OCc3cc4OCOc4cc3Cl
CHEMBL324142,3.1,[O-][N+](=O)c1cc2OCOc2cc1\\C=C\\C(=O)N3CCC4(CC3)N(CNC4=O)c5ccccc5
CHEMBL104673,3.774,CN(C)Cc1ccccc1Sc2ccc(cc2N)C(F)(F)F
CHEMBL326774,3.31,CCC(C)c1ccc(NC(=N)Nc2ccc3CCc4cccc2c34)cc1
CHEMBL112191,2.5,COc1ccc(CN2CCC(CC2)n3c(O)nc4ccccc34)c(Cl)c1
CHEMBL107077,2.825,COc1ccc(Sc2ccccc2CN(C)C)c(N)c1
CHEMBL78083,1.7,CCc1ccc(NC(=N)Nc2ccc(CC)cc2)cc1
CHEMBL353551,0.58,CCOC(=O)[C@@H](CC)[C@H](CO)Cc1cncn1C
CHEMBL175056,1.82,CC[C@@H]([C@H](CO)Cc1cncn1C)C(=O)OCc2ccccc2
CHEMBL173785,2.27,CC[C@@H]([C@H](CO)Cc1cncn1C)C(=O)OCc2ccccc2C
CHEMBL326320,3.4,Cc1ccc2nc(O)n(C3CCN(CC3)C(=O)OCc4cc5OCOc5cc4Cl)c2c1
CHEMBL24,-2,CC(C)NCC(O)COc1ccc(CC(=O)N)cc1
CHEMBL24,-2,CC(C)NCC(O)COc1ccc(CC(=O)N)cc1
CHEMBL24,-2,CC(C)NCC(O)COc1ccc(CC(=O)N)cc1
CHEMBL75435,-0.34,C[C@H](C(=O)O)c1cccc(c1)C(=O)c2ccccc2
CHEMBL75435,0.1,C[C@H](C(=O)O)c1cccc(c1)C(=O)c2ccccc2
CHEMBL75435,0.8,C[C@H](C(=O)O)c1cccc(c1)C(=O)c2ccccc2
CHEMBL75435,1.8,C[C@H](C(=O)O)c1cccc(c1)C(=O)c2ccccc2
CHEMBL320340,3.65,CC(C)(C)c1ccc(NC(=N)Nc2ccc(cc2)C(C)(C)C)cc1
CHEMBL1671,0.7,Cl.CC(C)NCC(O)COc1cccc2ccccc12
CHEMBL1671,1.4,Cl.CC(C)NCC(O)COc1cccc2ccccc12
CHEMBL1671,0.9,Cl.CC(C)NCC(O)COc1cccc2ccccc12
CHEMBL1671,0.7,Cl.CC(C)NCC(O)COc1cccc2ccccc12
CHEMBL330529,3.4,CNc1ccc(cc1)c2nc3ccc(C)cc3s2
CHEMBL1082,-1.22,CC1(C)S[C@@H]2[C@H](NC(=O)[C@H](N)c3ccc(O)cc3)C(=O)N2[C@H]1C(=O)O
CHEMBL1082,-1.56,CC1(C)S[C@@H]2[C@H](NC(=O)[C@H](N)c3ccc(O)cc3)C(=O)N2[C@H]1C(=O)O
CHEMBL1082,-1.98,CC1(C)S[C@@H]2[C@H](NC(=O)[C@H](N)c3ccc(O)cc3)C(=O)N2[C@H]1C(=O)O
CHEMBL1082,-1.6,CC1(C)S[C@@H]2[C@H](NC(=O)[C@H](N)c3ccc(O)cc3)C(=O)N2[C@H]1C(=O)O
CHEMBL1082,-1.7,CC1(C)S[C@@H]2[C@H](NC(=O)[C@H](N)c3ccc(O)cc3)C(=O)N2[C@H]1C(=O)O
CHEMBL1082,-1.7,CC1(C)S[C@@H]2[C@H](NC(=O)[C@H](N)c3ccc(O)cc3)C(=O)N2[C@H]1C(=O)O
CHEMBL176395,2.08,CC[C@@H]([C@H](CO)Cc1cncn1C)C(=O)OC(C)c2ccccc2
CHEMBL112515,3.55,N=C(Nc1ccc(Oc2ccccc2)cc1)Nc3ccc(Oc4ccccc4)cc3
CHEMBL432394,3.552,CN(C)Cc1ccccc1Sc2ccc(Cl)cc2N
CHEMBL331126,4.18,N=C(Nc1ccc(Sc2ccccc2)cc1)Nc3ccc(Sc4ccccc4)cc3
CHEMBL369195,2.31,CC[C@@H]([C@H](CO)Cc1cncn1C)C(=O)OCc2ccc(C)cc2
CHEMBL420500,3.7,O=C(OCc1ccc2OCOc2c1)N3CCC4(CC3)N(CNC4=O)c5ccccc5
CHEMBL113811,2.8,O=C(NCc1ccc2OCOc2c1)N3CCC4(CC3)N(CNC4=O)c5ccccc5
CHEMBL326962,2.2,O=C1NCN(c2ccccc2)C13CCN(Cc4ccc5OCOc5c4)CC3
CHEMBL326502,3.52,CCCCOc1ccc(NC(=N)Nc2ccc(OCCCC)cc2)cc1
CHEMBL115076,2.9,Clc1cc2OCOc2cc1COC(=O)N3CCC4(CC3)N(CNC4=O)c5ccccc5
CHEMBL325874,2.5,O=C(OCc1cccnc1)N2CCC3(CC2)N(CNC3=O)c4ccccc4
CHEMBL326741,6.07,CCCCCCc1ccc(NC(=N)Nc2ccc(CCCCCC)cc2)cc1
CHEMBL333442,1.12,[Na+].CC(C)n1c(\\C=C\\[C@@H](O)C[C@@H](O)CC(=O)[O-])c(c2ccc(F)cc2)c3ccccc13
CHEMBL333442,1.4,[Na+].CC(C)n1c(\\C=C\\[C@@H](O)C[C@@H](O)CC(=O)[O-])c(c2ccc(F)cc2)c3ccccc13
CHEMBL333442,2,[Na+].CC(C)n1c(\\C=C\\[C@@H](O)C[C@@H](O)CC(=O)[O-])c(c2ccc(F)cc2)c3ccccc13
CHEMBL333442,3,[Na+].CC(C)n1c(\\C=C\\[C@@H](O)C[C@@H](O)CC(=O)[O-])c(c2ccc(F)cc2)c3ccccc13
CHEMBL115280,2.9,O=C1NCN(c2ccccc2)C13CCN(Cc4cccc(Oc5ccccc5)c4)CC3
CHEMBL435,-0.2,NS(=O)(=O)c1cc2c(NCNS2(=O)=O)cc1Cl
CHEMBL435,-0.2,NS(=O)(=O)c1cc2c(NCNS2(=O)=O)cc1Cl
CHEMBL435,-0.2,NS(=O)(=O)c1cc2c(NCNS2(=O)=O)cc1Cl
CHEMBL176693,2.16,CC[C@@H]([C@H](CO)Cc1cncn1C)C(=O)OCCc2ccccc2
CHEMBL325842,1.3,Clc1cc2OCOc2cc1CN3CCC(CC3)N4C(=O)CNc5ccccc45
CHEMBL115652,3,Clc1cc2OCOc2cc1CN3CCC4(CC3)N(CNC4=O)c5ccccc5
CHEMBL28854,3.39,CN1CCN(CC1)c2ncc(c(N)n2)c3cc(Cl)cc(Cl)c3Cl
CHEMBL1696,1.5,Cl.CNCCCN1c2ccccc2CCc3ccccc13
CHEMBL1696,1.1,Cl.CNCCCN1c2ccccc2CCc3ccccc13
CHEMBL1696,1.1,Cl.CNCCCN1c2ccccc2CCc3ccccc13
CHEMBL368915,2.56,CCCCCCOC(=O)[C@@H](CC)[C@H](CO)Cc1cncn1C
CHEMBL110909,3.94,CCC(C)c1ccc(NC(=N)Nc2ccc(cc2)C(C)CC)cc1
CHEMBL138584,0.08,CN(CC(=O)N)C(=O)COC(=O)c1ccccc1
CHEMBL8230,0.58,Nc1nc(O)c2nc(N)n(Cc3ccccc3)c2n1
CHEMBL341732,2.56,CC(C)N(C(C)C)C(=O)COC(=O)c1ccccc1
CHEMBL126035,0.15,Oc1nc2cc(Cl)c(Cl)cc2nc1C(=O)NS(=O)(=O)c3ccccc3
CHEMBL139033,2.26,CC(C)(C)NC(=O)COC(=O)c1ccccc1
CHEMBL138145,0.17,OCCN(CCO)C(=O)COC(=O)c1ccccc1
CHEMBL333904,0.9,COC(=O)C[C@H](O)C[C@H](O)\\C=C\\n1c(cc(c2ccncc2)c1c3ccc(F)cc3)C(C)C
CHEMBL29823,-2.81,[Cl-].COCCOCn1cc[n+](C)c1\\C=N\\O
CHEMBL138699,0.09,NC(=O)CNC(=O)COC(=O)c1ccccc1
CHEMBL286990,-1.96,[Cl-].C[n+]1ccn(COCC(C)(C)[N+](=O)[O-])c1\\C=N\\O
CHEMBL140366,0.67,CN(CC(=O)O)C(=O)COC(=O)c1ccccc1
CHEMBL481537,2.78,CCC(C)N(C)C(=O)c1cc2ccccc2c(n1)c3ccccc3Cl
CHEMBL285100,-3.5,[Cl-].C[n+]1ccn(CCS(=O)(=O)C)c1\\C=N\\O
CHEMBL283887,-3,[Cl-].C[n+]1ccn(CCCC#N)c1\\C=N\\O
CHEMBL29281,-1.47,[Cl-].C[n+]1ccn(COCCCCCl)c1\\C=N\\O
CHEMBL284913,-1.76,[Cl-].C[n+]1ccn(COCCCBr)c1\\C=N\\O
CHEMBL28571,-3.06,[Cl-].CN(C)CCn1cc[n+](C)c1\\C=N\\O
CHEMBL134,0.85,Clc1cccc(Cl)c1NC2=NCCN2
CHEMBL138402,2.34,C=CCN(CC=C)C(=O)COC(=O)c1ccccc1
CHEMBL167548,-1.1,CS(=O)(=O)NC(=O)c1nc2cc(Cl)c(Cl)cc2nc1O
CHEMBL120922,2.57,COC(=O)C[C@H](O)C[C@H](O)\\C=C\\n1c(cc(c2cccc(Cl)c2)c1c3ccc(F)cc3)C(C)C
CHEMBL292092,3.81,COc1ccc(OCCF)c(CN(C(=O)C)c2cc(F)ccc2Oc3ccccc3)c1
CHEMBL28656,-0.81,[Cl-].C[n+]1ccn(COCC(C)(C)CBr)c1\\C=N\\O
CHEMBL555096,1.01,Cl.Nc1nc(O)c2[nH]c(N)c(Cc3cccs3)c2n1
CHEMBL155265,0.09,Oc1nc2cc(c(cc2nc1O)[N+](=O)[O-])[N+](=O)[O-]
CHEMBL29284,-2.62,[Cl-].C[n+]1ccn(CCOCCF)c1\\C=N\\O
CHEMBL280629,-1.5,[Cl-].CN(CCn1cc[n+](C)c1\\C=N\\O)S(=O)(=O)C(F)(F)F
CHEMBL137964,3.91,CCCCN(CCCC)C(=O)COC(=O)c1ccccc1
CHEMBL29300,-3.31,[Cl-].CN(CCn1cc[n+](C)c1\\C=N\\O)S(=O)(=O)C
CHEMBL141465,0.93,CCN(CCO)C(=O)COC(=O)c1ccccc1
CHEMBL280762,-2.22,[Cl-].COC(C)CCOCn1cc[n+](C)c1\\C=N\\O
CHEMBL329463,0.5,NC[C@@H]1CN[C@H](C1)C(=O)N[C@H](CCc2ccccc2)C(=O)Nc3ccc4ncccc4c3
CHEMBL333642,2.1,COC(=O)C[C@H](O)C[C@H](O)\\C=C\\n1c(cc(c2ccc(F)cc2)c1c3ccc(F)cc3)C(C)C
CHEMBL137874,1.56,CCOC(=O)CN(C)C(=O)COC(=O)c1ccccc1
CHEMBL27675,-3.3,[Cl-].C[n+]1ccn(COCCS(=O)(=O)C)c1\\C=N\\O
CHEMBL101340,1.54,FC(F)(F)c1ccc(Cl)c(NC2=NCCN2)c1
CHEMBL334435,-0.5,NC[C@H]1C[C@@H](N(C1)C(=O)CN)C(=O)N[C@H](CCc2ccccc2)C(=O)Nc3ccc4ncccc4c3
CHEMBL335952,0.5,NCC(=O)N1C[C@@H](N)C[C@@H]1C(=O)N[C@H](CCc2ccccc2)C(=O)Nc3ccc4ncccc4c3
CHEMBL414436,1.9,Cc1cc2nc([nH]c2cc1C)[C@@H](CCc3ccccc3)NC(=O)[C@H]4C[C@H](N)CN4C(=O)CN
CHEMBL240725,2.46,Cc1c(oc2ccc(Cl)cc12)S(=O)(=O)C3=NNC(=O)C=C3
CHEMBL141908,2.65,CCCN(CCC)C(=O)COC(=O)c1ccccc1
CHEMBL138583,1.07,CN(C)C(=O)COC(=O)c1ccccc1
CHEMBL140464,2.99,CN(C1CCCCC1)C(=O)COC(=O)c2ccccc2
CHEMBL29321,-2.32,[Cl-].C[n+]1ccn(CCOCCCl)c1\\C=N\\O
CHEMBL541799,0.48,Cl.Nc1nc(O)c2nc(N)n(Cc3ccsc3)c2n1
CHEMBL335150,2.06,CCN(CC)C(=O)COC(=O)c1ccccc1
CHEMBL344200,0.2,O=C(COC(=O)c1ccccc1)NC(=O)[C@@H]2CCCN2
CHEMBL539756,0.19,Cl.Nc1nc(O)c2nc(N)n(Cc3cccs3)c2n1
CHEMBL134482,0.9,NCC(=O)N1C[C@@H](N)C[C@@H]1C(=O)N[C@H](CCc2ccccc2)C(=O)Nc3cnc4ccccc4c3
CHEMBL436146,-2.8,[Cl-].C[n+]1ccn(CCCCC#N)c1\\C=N\\O
CHEMBL27674,-2.21,[Cl-].COC(=O)CCCCCn1cc[n+](C)c1\\C=N\\O
CHEMBL138928,0.99,CNC(=O)COC(=O)c1ccccc1
CHEMBL282393,-2.44,[Cl-].C[n+]1ccn(CCBr)c1\\C=N\\O
CHEMBL555854,0.67,Cl.Nc1nc(O)c2[nH]c(N)c(Cc3ccccc3)c2n1
CHEMBL138405,0.58,CN(CCO)C(=O)COC(=O)c1ccccc1
CHEMBL130213,-1,OC(=O)c1nc2cc(Cl)c(Cl)cc2nc1O
CHEMBL283030,-1.72,[Cl-].CN(CCn1cc[n+](C)c1\\C=N\\O)S(=O)(=O)c2ccccc2
CHEMBL335367,1.88,CCCNC(=O)COC(=O)c1ccccc1
CHEMBL558367,0.46,Cl.CC(C)[C@H]1[C@@H]2CN(C[C@H]2N(C1=O)S(=O)(=O)C)C(=O)\\C=C\\CN3CCCCC3
CHEMBL26468,0.07,CN(C)CCCNC(=O)c1cc(NC(=O)c2cc(NC(=O)c3cc(NC=O)cn3C)cn2C)cn1C
CHEMBL63064,3.65,COc1ccc(OC)c(CN(C(=O)C)c2cc(F)ccc2Oc3ccccc3)c1
CHEMBL281010,-0.56,[Cl-].C[n+]1ccn(CCCCOC(=O)c2ccccc2O)c1\\C=N\\O
CHEMBL553212,-2.73,[Cl-].C[n+]1ccn(CCN2CCCC2)c1\\C=N\\O
CHEMBL554876,1.08,Cl.Nc1nc(O)c2[nH]c(N)c(Cc3ccsc3)c2n1
CHEMBL141851,1.28,CCNC(=O)COC(=O)c1ccccc1
CHEMBL50267,-0.56,OC(=O)c1cc(O)c2c(Cl)cc(Cl)cc2n1
CHEMBL135825,1.1,N[C@@H]1CN[C@H](C1)C(=O)N[C@H](CCc2ccccc2)C(=O)Nc3cnc4ccccc4c3
CHEMBL63065,3.7,COc1ccc(OCF)c(CN(C(=O)C)c2cc(F)ccc2Oc3ccccc3)c1
CHEMBL57965,1.15,CCNC12CCCCC1CCc3ccccc23
CHEMBL303742,0.14,CNC12CC(O)CCC1CCc3ccccc23
CHEMBL71457,0.13,CC1=C(O)C(=O)C=CN1CCCO
CHEMBL135240,3.14,CCC(C)CNC1=NS(=O)(=O)c2sc(Cl)cc2N1
CHEMBL3350270,2.38,CC[C@H](C)NC1=NS(=O)(=O)c2sc(Cl)cc2N1
CHEMBL356069,0.734,CCC(O)C1=C(O)C(=O)C=C(C)N1C
CHEMBL136291,2.35,OC(=O)CN1CCN(CC1)C(COCc2cc(cc(c2)C(F)(F)F)C(F)(F)F)c3ccccc3
CHEMBL144911,17.6,CC1=C(O)C(=O)C=CN1CCCOC(=O)c2ccccc2
CHEMBL109937,2.41,FC(F)(F)c1cc(COCC(N2CCNCC2)c3ccccc3)cc(c1)C(F)(F)F
CHEMBL60448,0.31,CNC12CCCCC1CCc3ccc(O)cc23
CHEMBL61865,0.78,CNC12CCCCC1CC(=O)c3ccccc23
CHEMBL2111887,2.52,CC[C@@H](C)NC1=NS(=O)(=O)c2sc(Cl)cc2N1
CHEMBL61109,1.61,CC1CC2CCCCC2(N)c3ccccc13
CHEMBL59497,1.6,CNC12CC=CCC1CC(C)c3ccccc23
CHEMBL139499,3.26,NC(=O)CN1CCN(CC1)[C@@H](COCc2cc(cc(c2)C(F)(F)F)C(F)(F)F)c3ccccc3
CHEMBL275528,3.6,C1CCN(CC1)C2(CCCCC2)c3ccccc3
CHEMBL145597,14.5,CCC1=C(O)C(=O)C=CN1CCOC(=O)C(C)(C)C
CHEMBL131971,1.63,CC(C)NC1=NS(=O)(=O)c2sc(Cl)cc2N1
CHEMBL144836,0.075,CC(O)C1=C(O)C(=O)C=CN1CCCO
CHEMBL291342,1.54,CNC12CCCCC1CSc3ccccc23
CHEMBL535141,2.1,Cl.CN(C)CCC1(Cc2ccccc2C(=O)O1)c3ccc(Cl)cc3
CHEMBL59979,1.72,CNC12CCCCC1CCc3c(C)cc(OC)cc23
CHEMBL144804,0.266,CCN1C=CC(=O)C(=C1C(C)O)O
CHEMBL336251,4.09,CCCCN1CCN(CC1)C(COCc2cc(cc(c2)C(F)(F)F)C(F)(F)F)c3ccccc3
CHEMBL61607,1.14,CNC12CCC(CN)CC1CCc3ccccc23
CHEMBL59303,1.89,CC1CC2CC=CCC2(N)c3ccccc13
CHEMBL58020,0.73,CNC12CCCCC1CC(O)c3ccccc23
CHEMBL742,2.18,CNC1(CCCCC1=O)c2ccccc2Cl
CHEMBL61855,0.66,NC12CCCCC1CCc3sccc23
CHEMBL133596,2.42,CCCNC1=NS(=O)(=O)c2sc(Cl)cc2N1
CHEMBL301044,1.51,CNC12CCCCC1CCc3ccc(OC)cc23
CHEMBL284237,2.1,C[C@]12N[C@H](Cc3ccccc13)c4ccccc24
CHEMBL307343,0.22,CCC1=C(O)C(=O)C=CN1CCO
CHEMBL145201,0.056,OCCCN1C=CC(=O)C(=C1CO)O
CHEMBL145676,0.223,CCN1C(=CC(=O)C(=C1CO)O)C
CHEMBL145386,0.248,CC(O)C1=C(O)C(=O)C=C(C)N1C
CHEMBL142807,5.61,OCC1=C(O)C(=O)C=CN1CCCOC(=O)c2ccccc2
CHEMBL60463,0.96,CNC12CCCCC1COc3ccccc23
CHEMBL25,-2.57,CC(=O)Oc1ccccc1C(=O)O
CHEMBL27,1.54,CC(C)NCC(O)COc1cccc2ccccc12
CHEMBL430432,2.4,CC(C)NC1=Nc2ccccc2C(=O)O1
CHEMBL356241,-0.3,CC(C)NC(=O)[C@H](CCC(=O)N)NC1=Nc2ccccc2C(=O)O1
CHEMBL384467,1.74,C[C@@H]1C[C@H]2[C@@H]3CCC4=CC(=O)C=C[C@]4(C)[C@@]3(F)[C@@H](O)C[C@]2(C)[C@@]1(O)C(=O)CO
CHEMBL67526,3.13,OC(=O)c1cccc(I)c1
CHEMBL66551,2.99,OC(=O)c1cccc(c1)C(F)(F)F
CHEMBL26,-1.15,CCN1CCCC1CNC(=O)c2cc(ccc2OC)S(=O)(=O)N
CHEMBL142529,4,Cc1cccc2C(=O)OC(=Nc12)C(C)(C)C
CHEMBL145618,1.9,FC(F)(F)C1=Nc2ccccc2C(=O)O1
CHEMBL115079,3.45,OC(=O)c1cc(I)cc(I)c1I
CHEMBL23,2.22,COc1ccc(cc1)[C@@H]2Sc3ccccc3N(CCN(C)C)C(=O)[C@@H]2OC(=O)C
CHEMBL81056,0.4,NC(=N)c1ccc(OCC[C@@H]2CCCCN2C(=O)[C@@H](CC3CCCCC3)NCC(=O)O)cc1
CHEMBL142622,2.4,CCNc1ccc2C(=O)OC(=Nc2c1)NC(C)C
CHEMBL143004,3.8,CC(C)NC1=Nc2c(C)c(C)ccc2C(=O)O1
CHEMBL141377,3.7,CC(C)N(C(C)C)C1=Nc2ccccc2C(=O)O1
CHEMBL145523,3.2,COC(=O)[C@H](CC(C)C)NC1=Nc2ccccc2C(=O)O1
CHEMBL146330,0.2,CC(C)NC(=O)[C@H](CC(=O)N)NC1=Nc2ccccc2C(=O)O1
CHEMBL386630,3.31,C[C@]12CC[C@H]3[C@@H](CCC4=CC(=O)CC[C@]34C)[C@@H]1CC[C@@H]2O
CHEMBL266195,1,CC(C)NCC(O)COc1ccccc1CC=C
CHEMBL145505,2.3,CCOC(=O)CCCNC1=Nc2ccccc2C(=O)O1
CHEMBL1727,-1,CC1=C(N2[C@H](SC1)[C@H](NC(=O)[C@H](N)c3ccccc3)C2=O)C(=O)O
CHEMBL334936,3.8,CCCCCCNC1=Nc2ccccc2C(=O)O1
CHEMBL145694,1,CC(C)C[C@H](NC(=O)C1CCCN1C2=Nc3ccccc3C(=O)O2)C(=O)N
CHEMBL13,0.07,COCCc1ccc(OCC(O)CNC(C)C)cc1
CHEMBL145565,2.9,Cc1cccc2N=C(OC(=O)c12)C(F)(F)F
CHEMBL145718,0.8,CC(C)C[C@H](NC(=O)[C@@H]1CCCN1C2=Nc3ccccc3C(=O)O2)C(=O)NCC(=O)N
CHEMBL144906,3.6,CCSC1=Nc2cccc(C)c2C(=O)O1
CHEMBL79973,3.1,CCCCNC1=Nc2ccccc2C(=O)O1
CHEMBL145367,2.6,COC(=O)C(NC1=Nc2ccccc2C(=O)O1)c3ccccc3
CHEMBL344769,1.6,CCc1cc(N)cc2N=C(OC(=O)c12)N3CCCC3C(=O)N[C@@H](CC(C)C)C(=O)N
CHEMBL143858,1.2,CC(C)NC1=Nc2cc(NC(=O)C)ccc2C(=O)O1
CHEMBL346157,0.4,NC(=O)[C@@H]1CCCN1C2=Nc3ccccc3C(=O)O2
CHEMBL112328,3.09,CCCOc1ccc(cc1)C(=O)O
CHEMBL420,1.67,NC(=N)N\\N=C\\c1c(Cl)cccc1Cl
CHEMBL358737,0.3,COC(=O)[C@H](Cc1ccc(O)cc1)NC2=Nc3ccccc3C(=O)O2
CHEMBL141660,0.4,NC(=O)C1CCCN1C2=Nc3ccccc3C(=O)O2
CHEMBL71696,3.58,CN(C)c1ccc(cc1)c2cn3cc([125I])ccc3n2
CHEMBL143792,3,CCSC1=Nc2ccccc2C(=O)O1
CHEMBL142623,3.2,CCc1ccc2C(=O)OC(=Nc2c1)NC(C)C
CHEMBL141930,3.7,COC(=O)[C@H](CC(C)C)NC1=Nc2cccc(C)c2C(=O)O1
CHEMBL326312,2.82,OC(=O)c1cc(Cl)ccc1Cl
CHEMBL1760,-1.4,CC(C)(C)NCC(O)c1cc(O)cc(O)c1
CHEMBL145366,3.1,COc1cccc2N=C(Nc3ccccc3)OC(=O)c12
CHEMBL101265,3.05,OC(=O)c1ccc(I)cc1
CHEMBL11,2.52,CN(C)CCCN1c2ccccc2CCc3ccccc13
CHEMBL389621,1.53,C[C@]12CCC(=O)C=C1CC[C@H]3[C@@H]4CC[C@](O)(C(=O)CO)[C@@]4(C)C[C@H](O)[C@H]23
CHEMBL190,-0.02,CN1C(=O)N(C)c2nc[nH]c2C1=O
CHEMBL81643,-1.1,NC(=N)N1CCC(CC1)OCCC2CCCCN2C(=O)[C@@H](Cc3ccccc3)NCC(=O)O
CHEMBL358949,3.6,O=C1OC(=Nc2ccccc12)SCc3ccccc3
CHEMBL145581,3,O=C1OC(=Nc2ccccc12)N3CCCCC3
CHEMBL145695,2.6,CC[C@H](C)[C@H](NC1=Nc2ccccc2C(=O)O1)C(=O)OC
CHEMBL443234,3.18,OC(=O)c1ccc(cc1)C(F)(F)F
CHEMBL6966,1.91,COc1ccc(CCN(C)CCCC(C#N)(C(C)C)c2ccc(OC)c(OC)c2)cc1OC
CHEMBL343478,2.4,CCCNC1=Nc2ccccc2C(=O)O1
CHEMBL145471,1.6,CCc1cc(N)cc2N=C(NC(C)C)OC(=O)c12
CHEMBL145097,1.7,CCCCNC1=Nc2cc(N)ccc2C(=O)O1
CHEMBL145601,2.6,COC(=O)[C@H](NC1=Nc2ccccc2C(=O)O1)c3ccccc3
CHEMBL144900,1.2,NC(=O)[C@H](Cc1ccccc1)NC(=O)[C@@H]2CCCN2C3=Nc4ccccc4C(=O)O3
CHEMBL1464,0.12,CC(=O)CC(C1=C(O)c2ccccc2OC1=O)c3ccccc3
CHEMBL145750,2.8,O=C1OC(=Nc2ccccc12)NCc3ccccc3
CHEMBL142779,3.2,O=C1OC(=Nc2ccccc12)NCCc3ccccc3
CHEMBL542264,0.389,Cl.COc1ccc(CNCCN(C\\C=C(/C)\\CCC=C(C)C)Cc2ccc(OC)c(OC)c2)cc1OC
CHEMBL542264,-0.426,Cl.COc1ccc(CNCCN(C\\C=C(/C)\\CCC=C(C)C)Cc2ccc(OC)c(OC)c2)cc1OC
CHEMBL143431,3.8,CCCCNC1=Nc2cccc(CC)c2C(=O)O1
CHEMBL9945,3.5,O=C1OC(=Nc2ccccc12)Nc3ccccc3
CHEMBL112424,2.45,OC(=O)c1ccccc1I
CHEMBL21015,3.25,OC(=O)c1ccc(Cl)c(Cl)c1
CHEMBL24,-2.14,CC(C)NCC(O)COc1ccc(CC(=O)N)cc1
CHEMBL357238,4,COC(=O)[C@H](CC(C)C)NC1=Nc2cc(C)cc(C)c2C(=O)O1
CHEMBL70894,4.41,CN(CCF)c1ccc(cc1)c2cn3cc(I)ccc3n2
CHEMBL145749,2,Nc1ccc(CNC2=Nc3ccccc3C(=O)O2)cc1
CHEMBL145492,2.7,CCOC1=Nc2cc(N)cc(CC)c2C(=O)O1
CHEMBL141877,2.3,CNC1=Nc2cccc(C)c2C(=O)O1
CHEMBL63399,2.86,OC(=O)c1cccc(Br)c1
CHEMBL146381,2.9,Cc1cccc2N=C(OC(=O)c12)C(F)(F)C(F)(F)C(F)(F)F
CHEMBL130,1,OC[C@@H](NC(=O)C(Cl)Cl)[C@H](O)c1ccc(cc1)[N+](=O)[O-]
CHEMBL421,-0.13,OC(=O)c1cc(ccc1O)N=Nc2ccc(cc2)S(=O)(=O)Nc3ccccn3
CHEMBL309670,0.2,NC(=N)N1CCC(CC1)OCCC2CCCCN2C(=O)[C@@H](CC3CCCCC3)NCC(=O)O
CHEMBL69671,4.6,CN(CCCF)c1ccc(cc1)c2cn3cc(I)ccc3n2
CHEMBL10756,3,CC(C)NC1=Nc2cccc(C)c2C(=O)O1
CHEMBL22051,2.81,OC(=O)c1ccc(Br)cc1
CHEMBL142640,3.5,O=C1OC(=Nc2ccccc12)NC3CCCCC3
CHEMBL110739,1.89,C[C@]12C[C@H](O)[C@H]3[C@@H](CCC4=CC(=O)CC[C@]34C)[C@@H]1CC[C@@H]2C(=O)CO
CHEMBL425,-4.5,OC(=O)c1cc(ccc1O)N=Nc2ccc(O)c(c2)C(=O)O
CHEMBL145762,3.9,O=C1OC(=Nc2ccccc12)\\C=C\\c3ccccc3
CHEMBL145157,2.8,CC1=Nc2cc3ccccc3cc2C(=O)O1
CHEMBL115950,2.14,OC(=O)c1ccccc1Br
CHEMBL414,0.55,NS(=O)(=O)c1ccc(cc1)C(=O)O
CHEMBL356045,3.2,COC(=O)[C@@H](CC(C)C)NC1=Nc2ccccc2C(=O)O1
CHEMBL114828,1.8,OC(=O)c1c(Cl)cccc1Cl
CHEMBL349289,0.63,COC12[C@@H]3N[C@@H]3CN1c4c(O)c(C)c(N=C5C=CC(=O)C=C5)c(O)c4[C@@H]2COC(=O)N
CHEMBL433900,0.07,COC12[C@@H]3N[C@@H]3CN1C4=C([C@@H]2COC(=O)N)C(=O)C(=C(C)C4=O)Nc5cccc(N)c5
CHEMBL351908,0.52,COC12[C@@H]3N[C@@H]3CN1C4=C([C@@H]2COC(=O)N)C(=O)C(=C(C)C4=O)Nc5cccnc5
CHEMBL121727,-0.43,[Na+].CC(C)c1nc(c2cccnc2)c(c3ccc(F)cc3)n1\\C=C\\[C@@H](O)C[C@@H](O)CC(=O)[O-]
CHEMBL159766,1.3,COC12[C@@H]3N[C@@H]3CN1C4=C([C@@H]2COC(=O)N)C(=O)C(=C(C)C4=O)Nc5ccccc5
CHEMBL350369,0.62,COC12[C@@H]3N[C@@H]3CN1C4=C([C@@H]2COC(=O)N)C(=O)C(=C(C)C4=O)Nc5nccs5
CHEMBL95,0.46,Nc1c2CCCCc2nc3ccccc13
CHEMBL431659,-0.05,[Na+].CNc1cccc(c1)c2nc(C(C)C)n(\\C=C\\[C@@H](O)C[C@@H](O)CC(=O)[O-])c2c3ccc(F)cc3
CHEMBL162847,2.01,COC12[C@@H]3N[C@@H]3CN1C4=C([C@@H]2COC(=O)N)C(=O)C(=C(C)C4=O)Nc5cccc(Cl)c5
CHEMBL348930,0.33,COC12[C@@H]3N[C@@H]3CN1c4c(O)c(C)c(N=C5C=CC(=NC(=O)C)C=C5)c(O)c4[C@@H]2COC(=O)N
CHEMBL355591,1.83,COC12[C@@H]3N[C@@H]3CN1C4=C([C@@H]2COC(=O)N)C(=O)C(=C(C)C4=O)Nc5cccc(C)c5
CHEMBL218490,2,CCN[C@H]1C[C@H](C)S(=O)(=O)c2sc(cc12)S(=O)(=O)N
CHEMBL163287,0.33,COC12[C@@H]3N[C@@H]3CN1C4=C([C@@H]2COC(=O)N)C(=O)C(=C(C)C4=O)Nc5cccc(NC(=O)C)c5
CHEMBL355823,1.28,COc1cccc(NC2=C(C)C(=O)C3=C([C@H](COC(=O)N)C4(OC)[C@@H]5N[C@@H]5CN34)C2=O)c1
CHEMBL162927,0.59,COc1ccc(NC2=C(C)C(=O)C3=C([C@H](COC(=O)N)C4(OC)[C@@H]5N[C@@H]5CN34)C2=O)cn1
CHEMBL163445,1.16,COC12[C@@H]3N[C@@H]3CN1C4=C([C@@H]2COC(=O)N)C(=O)C(=C(C)C4=O)Nc5nc(C)cs5
CHEMBL161215,-0.32,COC12[C@@H]3N[C@@H]3CN1c4c(O)c(C)c(\\N=C/5\\C=CC(=N)N=C5)c(O)c4[C@@H]2COC(=O)N
CHEMBL121610,0.86,[Na+].CC(C)c1nc(c2ccc(F)cc2)c(c3ccc(F)cc3C)n1\\C=C\\[C@@H](O)C[C@@H](O)CC(=O)[O-]
CHEMBL349000,0.63,COC12[C@@H]3N[C@@H]3CN1C4=C([C@@H]2COC(=O)N)C(=O)C(=C(C)C4=O)Nc5cccc(O)c5
CHEMBL423979,-0.52,COC12[C@@H]3N[C@@H]3CN1C4=C([C@@H]2COC(=O)N)C(=O)C(=C(C)C4=O)Nc5ccc(cc5)S(=O)(=O)N
CHEMBL331048,0.83,[Na+].CC(C)c1c(nc(c2ccc(F)cc2)n1\\C=C\\[C@@H](O)C[C@@H](O)CC(=O)[O-])c3ccc(F)cc3
CHEMBL162576,0.72,COC12[C@@H]3N[C@@H]3CN1C4=C([C@@H]2COC(=O)N)C(=O)C(=C(C)C4=O)Nc5ccc(cc5)C#N
CHEMBL159589,1.44,COC12[C@@H]3N[C@@H]3CN1C4=C([C@@H]2COC(=O)N)C(=O)C(=C(C)C4=O)Nc5ccc(F)cc5
CHEMBL160107,1.29,COC12[C@@H]3N[C@@H]3CN1C4=C([C@@H]2COC(=O)N)C(=O)C(=C(C)C4=O)Nc5nc(C)c(C)s5
CHEMBL164143,0,COC12[C@@H]3N[C@@H]3CN1c4c(O)c(C)c(N=C5C=CC(=NC(=O)N)C=C5)c(O)c4[C@@H]2COC(=O)N
CHEMBL160049,2.01,COC12[C@@H]3N[C@@H]3CN1C4=C([C@@H]2COC(=O)N)C(=O)C(=C(C)C4=O)Nc5ccc(Cl)cc5
CHEMBL105,-0.38,CO[C@]12[C@H]3N[C@H]3CN1C4=C([C@H]2COC(=O)N)C(=O)C(=C(C)C4=O)N
CHEMBL350177,-0.3,COC12[C@@H]3N[C@@H]3CN1C4=C([C@@H]2COC(=O)N)C(=O)C(=C(C)C4=O)Nc5cc(C)ns5
CHEMBL132260,1.37,Nc1c2CCCOc2nc3ccccc13
CHEMBL159468,0.73,COC12[C@@H]3N[C@@H]3CN1C4=C([C@@H]2COC(=O)N)C(=O)C(=C(C)C4=O)Nc5cccc(c5)C#N
CHEMBL162857,1.69,COC12[C@@H]3N[C@@H]3CN1c4c(O)c(C)c(N=C5C=CC(=S)C=C5)c(O)c4[C@@H]2COC(=O)N
CHEMBL349457,0.07,COC12[C@@H]3N[C@@H]3CN1c4c(O)c(C)c(N=C5C=CC(=N)C=C5)c(O)c4[C@@H]2COC(=O)N
CHEMBL349872,1.02,COC12[C@@H]3N[C@@H]3CN1C4=C([C@@H]2COC(=O)N)C(=O)C(=C(C)C4=O)Nc5ccc(cc5)[N+](=O)[O-]
CHEMBL333307,0.73,[Na+].O[C@H](C[C@H](O)\\C=C\\n1c(c2ccc(F)cc2)c(nc1C(F)(F)F)c3ccc(F)cc3)CC(=O)[O-]
CHEMBL349011,32,COC12[C@@H]3N[C@@H]3CN1c4c(O)c(C)c(\\N=C/5\\C=CN=N5)c(O)c4[C@@H]2COC(=O)N
CHEMBL132619,1.63,Cc1cccc2nc3OCCCc3c(N)c12
CHEMBL120932,0.72,[Na+].CC(C)c1nc(c2ccc(F)cc2)c(c3ccc(F)cc3)n1\\C=C\\[C@@H](O)C[C@@H](O)CC(=O)[O-]
CHEMBL434481,1.86,COC12[C@@H]3N[C@@H]3CN1C4=C([C@@H]2COC(=O)N)C(=O)C(=C(C)C4=O)Nc5ccc(C)cc5
CHEMBL162639,1.28,COc1ccc(NC2=C(C)C(=O)C3=C([C@H](COC(=O)N)C4(OC)[C@@H]5N[C@@H]5CN34)C2=O)cc1
CHEMBL275528,1.76,C1CCN(CC1)C2(CCCCC2)c3ccccc3
CHEMBL70358,-0.28,CCC1=C(O)C(=O)C=CN1CCCCO
CHEMBL70358,-1.68,CCC1=C(O)C(=O)C=CN1CCCCO
CHEMBL81858,-2.92,CC1=C(O)C(=O)C=CN1CCC(=O)O
CHEMBL81858,-4,CC1=C(O)C(=O)C=CN1CCC(=O)O
CHEMBL72601,1.89,CCCCCCN1C=CC(=O)C(=C1C)O
CHEMBL72601,3.4,CCCCCCN1C=CC(=O)C(=C1C)O
CHEMBL71457,-0.89,CC1=C(O)C(=O)C=CN1CCCO
CHEMBL71457,-2.92,CC1=C(O)C(=O)C=CN1CCCO
CHEMBL289501,-0.72,NCCc1c[nH]c2ccc(cc12)c3onc(N)n3
CHEMBL78582,0.72,CCOCCCN1C=CC(=O)C(=C1CC)O
CHEMBL78582,0.99,CCOCCCN1C=CC(=O)C(=C1CC)O
CHEMBL307343,-0.66,CCC1=C(O)C(=O)C=CN1CCO
CHEMBL307343,-2.75,CCC1=C(O)C(=O)C=CN1CCO
CHEMBL79771,-0.75,CC1=C(O)C(=O)C=CN1CCCCO
CHEMBL79771,-2.75,CC1=C(O)C(=O)C=CN1CCCCO
CHEMBL262652,1.25,CN(C)CCc1c[nH]c2ccc(cc12)c3onc(Cc4ccc(NS(=O)(=O)C)cc4)n3
CHEMBL311744,-0.41,COCCN1C=CC(=O)C(=C1C)O
CHEMBL311744,-1.85,COCCN1C=CC(=O)C(=C1C)O
CHEMBL78416,0.04,CCC1=C(O)C(=O)C=CN1CCOC
CHEMBL78416,-1.16,CCC1=C(O)C(=O)C=CN1CCOC
CHEMBL10382,0.58,CN1C(=O)c2ccc(Cl)cc2C3(CC(=O)NC3=O)C1=O
CHEMBL79800,-2.75,CC1=C(O)C(=O)C=CN1CCCC(=O)O
CHEMBL79800,-3.7,CC1=C(O)C(=O)C=CN1CCCC(=O)O
CHEMBL81068,0.73,CCC1=C(O)C(=O)C=CN1C(C)C
CHEMBL81068,1.01,CCC1=C(O)C(=O)C=CN1C(C)C
CHEMBL39158,-0.36,CC(=O)Nc1ccc(Cc2noc(Cc3ccc4[nH]cc(CCN)c4c3)n2)cc1
CHEMBL68110,0.32,[I-].C[N+](C)(C)CCCNC(=O)CCCc1ccc(cc1)N(CCCl)CCCl
CHEMBL128,-1.17,CNS(=O)(=O)Cc1ccc2[nH]cc(CCN(C)C)c2c1
CHEMBL290587,-0.4,CN(C)CCc1c[nH]c2ccc(CCc3onc(N)n3)cc12
CHEMBL273910,2.81,Fc1ccc2C(=O)N(Cc3ccc(Br)cc3F)C(=O)C4(CC(=O)NC4=O)c2c1
CHEMBL81920,-0.47,CC(C)NC(=O)CCN1C=CC(=O)C(=C1C)O
CHEMBL81920,-1.89,CC(C)NC(=O)CCN1C=CC(=O)C(=C1C)O
CHEMBL114322,-0.77,CC1=C(O)C(=O)C=CN1CC(C)(C)O
CHEMBL114322,-2.33,CC1=C(O)C(=O)C=CN1CC(C)(C)O
CHEMBL288821,1.32,NCCc1c[nH]c2ccc(cc12)c3onc(Cc4ccccc4)n3
CHEMBL62685,2.74,Fc1cc(Br)ccc1CN2C(=O)c3ccccc3C4(CC(=O)NC4=O)C2=O
CHEMBL538105,-1.12,[Cl-].C[N+](C)(C)CCCNC(=O)C(N)Cc1ccc(cc1)N(CCCl)CCCl
CHEMBL39801,0.5,CN(C)CCc1c[nH]c2ccc(Cc3onc(Cc4ccc(NS(=O)(=O)C)cc4)n3)cc12
CHEMBL10552,3.16,Fc1ccc2C(=O)N(Cc3nc4cc(ccc4s3)C(F)(F)F)C(=O)C5(CC(=O)NC5=O)c2c1
CHEMBL299087,-3.41,[Cl-].C1C2c3ccccc3C(c4cccc[n+]24)C1(c5cocc5)c6cocc6
CHEMBL79365,-0.26,COCC(C)N1C=CC(=O)C(=C1C)O
CHEMBL79365,-1.4,COCC(C)N1C=CC(=O)C(=C1C)O
CHEMBL39111,-1.51,NCCc1c[nH]c2ccc(CCc3onc(N)n3)cc12
CHEMBL281872,4.6,COc1cc2c(Nc3ccc(Br)cc3F)ncnc2cc1OCCn4ccnn4
CHEMBL24137,3.4,COc1cc2c(Nc3ccc(Cl)cc3F)ncnc2cc1OCCCN4CCOCC4
CHEMBL39712,-1.7,Cc1noc(Cc2ccc3[nH]cc(CCN)c3c2)n1
CHEMBL62654,3.09,Clc1ccc(CN2C(=O)c3ccccc3C4(CC(=O)NC4=O)C2=O)cc1Cl
CHEMBL70721,0.7,CCCCN1C=CC(=O)C(=C1C)O
CHEMBL70721,1.36,CCCCN1C=CC(=O)C(=C1C)O
CHEMBL70714,1.24,CCCCCN1C=CC(=O)C(=C1C)O
CHEMBL70714,2.74,CCCCCN1C=CC(=O)C(=C1C)O
CHEMBL82595,1.22,CCCCN1C=CC(=O)C(=C1CC)O
CHEMBL82595,2.36,CCCCN1C=CC(=O)C(=C1CC)O
CHEMBL112754,-0.46,COC(CN1C=CC(=O)C(=C1C)O)OC
CHEMBL112754,-2.52,COC(CN1C=CC(=O)C(=C1C)O)OC
CHEMBL36497,-0.37,Cc1noc(n1)c2ccc3[nH]cc(CCN)c3c2
CHEMBL37317,-1.9,NCCc1c[nH]c2ccc(Cc3onc(N)n3)cc12
CHEMBL289489,0.48,CC(=O)Nc1ccc(Cc2noc(n2)c3ccc4[nH]cc(CCN)c4c3)cc1
CHEMBL323844,-0.24,CCOC(=O)CCN1C=CC(=O)C(=C1C)O
CHEMBL323844,-1.16,CCOC(=O)CCN1C=CC(=O)C(=C1C)O
CHEMBL293451,3.17,FC(F)(F)c1ccc2sc(CN3C(=O)c4ccccc4C5(CC(=O)NC5=O)C3=O)nc2c1
CHEMBL39317,0.25,CS(=O)(=O)Nc1ccc(Cc2noc(n2)c3ccc4[nH]cc(CCN)c4c3)cc1
CHEMBL309951,-0.82,CCNC(=O)CCN1C=CC(=O)C(=C1C)O
CHEMBL309951,-2.7,CCNC(=O)CCN1C=CC(=O)C(=C1C)O
CHEMBL421045,0.65,CC(C)CN1C=CC(=O)C(=C1C)O
CHEMBL421045,1.26,CC(C)CN1C=CC(=O)C(=C1C)O
CHEMBL112179,-1.15,CC(=O)NCCN1C=CC(=O)C(=C1C)O
CHEMBL112179,-3.05,CC(=O)NCCN1C=CC(=O)C(=C1C)O
CHEMBL62547,0.8,CN1C(=O)c2ccc(Br)cc2C3(CC(=O)NC3=O)C1=O
CHEMBL533849,2.6,Cl.COc1cc2c(Nc3ccc(Br)cc3F)ncnc2cc1OCC4CCN(C)CC4
CHEMBL515,0.75,OC(=O)CCCc1ccc(cc1)N(CCCl)CCCl
CHEMBL852,0.11,N[C@@H](Cc1ccc(cc1)N(CCCl)CCCl)C(=O)O
CHEMBL115986,-1.6,CCC1=C(O)C(=O)C=CN1CCC(=O)O
CHEMBL115986,-3.22,CCC1=C(O)C(=O)C=CN1CCC(=O)O
CHEMBL79967,-0.66,CCN(C)C(=O)CCN1C=CC(=O)C(=C1C)O
CHEMBL79967,-2.52,CCN(C)C(=O)CCN1C=CC(=O)C(=C1C)O
CHEMBL112329,-1.7,CC1=C(O)C(=O)C=CN1C(CO)CO
CHEMBL112329,-3.3,CC1=C(O)C(=O)C=CN1C(CO)CO
CHEMBL290080,1.38,COc1ccccc1Cc2noc(n2)c3ccc4[nH]cc(CCN)c4c3
CHEMBL39296,0.04,CN(C)CCc1c[nH]c2ccc(Cc3onc(C)n3)cc12
CHEMBL38671,1.22,CN(C)CCc1c[nH]c2ccc(Cc3onc(n3)c4ccc(NS(=O)(=O)C)cc4)cc12
CHEMBL1744347,2.4,Cl.COc1cc2c(Nc3ccc(Cl)cc3F)ncnc2cc1OCCCN4CCN(C)CC4
CHEMBL112112,0.21,CCOC(CN1C=CC(=O)C(=C1C)O)OCC
CHEMBL112112,-0.1,CCOC(CN1C=CC(=O)C(=C1C)O)OCC
CHEMBL116562,-1.38,CCC1=C(O)C(=O)C=CN1CCCC(=O)O
CHEMBL116562,-3.1,CCC1=C(O)C(=O)C=CN1CCCC(=O)O
CHEMBL116389,-0.77,COC(=O)CCN1C=CC(=O)C(=C1C)O
CHEMBL116389,-2.7,COC(=O)CCN1C=CC(=O)C(=C1C)O
CHEMBL289936,0.42,NCCc1c[nH]c2ccc(Cc3onc(Cc4ccccc4)n3)cc12
CHEMBL326815,1.01,CC1=C(O)C(=O)C=CN1c2ccccc2
CHEMBL326815,2.16,CC1=C(O)C(=O)C=CN1c2ccccc2
CHEMBL80019,-0.36,CCN(CC)C(=O)CCN1C=CC(=O)C(=C1C)O
CHEMBL80019,-1.7,CCN(CC)C(=O)CCN1C=CC(=O)C(=C1C)O
CHEMBL112493,-0.32,CCC1=C(O)C(=O)C=CN1CCCO
CHEMBL112493,-2.1,CCC1=C(O)C(=O)C=CN1CCCO
CHEMBL289354,0.13,CCc1noc(n1)c2ccc3[nH]cc(CCN)c3c2
CHEMBL38482,0.6,NCCc1c[nH]c2ccc(cc12)c3onc(n3)C4CC4
CHEMBL292505,3.51,Fc1cc(Br)ccc1CN2C(=O)c3cc(Cl)ccc3C4(CC(=O)NC4=O)C2=O
CHEMBL38104,1.45,CNC(=O)c1ccc(cc1)c2noc(Cc3ccc4[nH]cc(CCN(C)C)c4c3)n2
CHEMBL79246,0.7,CCCN1C=CC(=O)C(=C1CC)O
CHEMBL79246,0.96,CCCN1C=CC(=O)C(=C1CC)O
CHEMBL35875,0.2,CN(C)CCc1c[nH]c2ccc(cc12)c3onc(N)n3
CHEMBL63950,0.85,COc1ccc(cc1)c2[nH]nc(O)c2N
CHEMBL290706,-0.54,CS(=O)(=O)Nc1ccc(Cc2noc(Cc3ccc4[nH]cc(CCN)c4c3)n2)cc1
CHEMBL314487,0.53,CN(C)CCOc1ccc2[nH]c(cc2c1)C(=O)N3CC(CCl)c4c3cc(N)c5ccccc45
CHEMBL52124,-4.08,[Cl-].CCOC1(OCC)C2c3ccccc3C([n+]4ccccc24)C1(C)C
CHEMBL80020,-1,CN(C)C(=O)CCN1C=CC(=O)C(=C1C)O
CHEMBL80020,-3,CN(C)C(=O)CCN1C=CC(=O)C(=C1C)O
CHEMBL39435,0.25,CNS(=O)(=O)c1ccc(Cc2noc(n2)c3ccc4[nH]cc(CCN)c4c3)cc1
CHEMBL39243,-0.67,CN(C)CCc1c[nH]c2ccc(Cc3onc(N)n3)cc12
CHEMBL62864,0.24,CN1C(=O)c2ccccc2C3(CC(=O)NC3=O)C1=O
CHEMBL112341,-1.08,CNC(=O)CCCN1C=CC(=O)C(=C1C)O
CHEMBL112341,-3,CNC(=O)CCCN1C=CC(=O)C(=C1C)O
CHEMBL284237,1.79,C[C@]12N[C@H](Cc3ccccc13)c4ccccc24
CHEMBL311669,0.12,CCOCCCN1C=CC(=O)C(=C1C)O
CHEMBL311669,-0.52,CCOCCCN1C=CC(=O)C(=C1C)O
CHEMBL79283,-0.4,CCCNC(=O)CCN1C=CC(=O)C(=C1C)O
CHEMBL79283,-1.52,CCCNC(=O)CCN1C=CC(=O)C(=C1C)O
CHEMBL9674,2.58,CCCCCCCN(C)N=Nc1ccc(cc1)C(=O)O
CHEMBL9704,0.04,CCN(C)N=Nc1ccc(cc1)C(=O)O
CHEMBL1224,0.86,Cc1ccc(cc1)\\C(=C/CN2CCCC2)\\c3cccc(\\C=C\\C(=O)O)n3
CHEMBL1224,0.24,Cc1ccc(cc1)\\C(=C/CN2CCCC2)\\c3cccc(\\C=C\\C(=O)O)n3
CHEMBL1224,-0.03,Cc1ccc(cc1)\\C(=C/CN2CCCC2)\\c3cccc(\\C=C\\C(=O)O)n3
CHEMBL1224,-0.48,Cc1ccc(cc1)\\C(=C/CN2CCCC2)\\c3cccc(\\C=C\\C(=O)O)n3
CHEMBL1224,-0.93,Cc1ccc(cc1)\\C(=C/CN2CCCC2)\\c3cccc(\\C=C\\C(=O)O)n3
CHEMBL9731,0.46,CCCN(C)N=Nc1ccc(cc1)C(=O)O
CHEMBL9622,2.77,CCCCCCCCN(C)N=Nc1ccc(cc1)C(=O)O
CHEMBL288827,-0.52,N[C@@H](Cc1c[nH]c2ccccc12)C(=O)N[C@@H](Cc3ccccc3)C(=O)O
CHEMBL147071,3.18,COc1ccc(NC(=O)c2ccc(cc2)c3ccc(cc3C)C(=O)N)cc1N4CCN(C)CC4
CHEMBL359447,3.12,CN1CCN(CC1)c2cc(NC(=O)c3ccc(cc3)c4ccc(cc4C)c5oc(C)nn5)ccc2O
CHEMBL422037,-0.44,CN(C)N=Nc1ccc(cc1)C(=O)O
CHEMBL39179,-1.38,N[C@@H](Cc1c[nH]c2ccccc12)C(=O)N[C@@H](Cc3ccc(O)cc3)C(=O)O
CHEMBL9143,0,CN(CC#C)N=Nc1ccc(cc1)C(=O)O
CHEMBL1000,1.4,OC(=O)COCCN1CCN(CC1)C(c2ccccc2)c3ccc(Cl)cc3
CHEMBL1000,1.2,OC(=O)COCCN1CCN(CC1)C(c2ccccc2)c3ccc(Cl)cc3
CHEMBL1000,0.75,OC(=O)COCCN1CCN(CC1)C(c2ccccc2)c3ccc(Cl)cc3
CHEMBL1000,0.23,OC(=O)COCCN1CCN(CC1)C(c2ccccc2)c3ccc(Cl)cc3
CHEMBL1000,1.5,OC(=O)COCCN1CCN(CC1)C(c2ccccc2)c3ccc(Cl)cc3
CHEMBL1000,-1.6,OC(=O)COCCN1CCN(CC1)C(c2ccccc2)c3ccc(Cl)cc3
CHEMBL147503,0.35,COc1ccc(NC(=O)c2ccc(cc2)c3ccc(cc3C)C(=N)N)cc1N4CCN(C)CC4
CHEMBL9593,1.95,CCCCCCN(C)N=Nc1ccc(cc1)C(=O)O
CHEMBL268460,1.33,CCC(C)CN(C)N=Nc1ccc(cc1)C(=O)O
CHEMBL168436,0.07,COC1=C(N(C)S(=O)(=O)c2ccccc12)C(=O)Nc3ccccn3
CHEMBL55868,-1.02,N[C@@H](Cc1ccccc1)C(=O)N[C@@H](Cc2ccccc2)C(=O)O
CHEMBL9942,0.34,CC(C)N(C)N=Nc1ccc(cc1)C(=O)O
CHEMBL429,1.03,CC(CCc1ccccc1)NCC(O)c2ccc(O)c(c2)C(=O)N
CHEMBL429,-0.8,CC(CCc1ccccc1)NCC(O)c2ccc(O)c(c2)C(=O)N
CHEMBL9721,1.49,CCCCCN(C)N=Nc1ccc(cc1)C(=O)O
CHEMBL9486,0.32,CN(CC=C)N=Nc1ccc(cc1)C(=O)O
CHEMBL527,1.43,CN1C(=C(O)c2ccccc2S1(=O)=O)C(=O)Nc3ccccn3
CHEMBL527,0.63,CN1C(=C(O)c2ccccc2S1(=O)=O)C(=O)Nc3ccccn3
CHEMBL527,-0.08,CN1C(=C(O)c2ccccc2S1(=O)=O)C(=O)Nc3ccccn3
CHEMBL146735,3.69,COc1ccc(NC(=O)c2ccc(cc2)c3ccc(cc3C)c4oc(C)nn4)cc1N5CCN(C)CC5
CHEMBL54936,-1.13,CC(C)C[C@H](N)C(=O)N[C@@H](Cc1ccccc1)C(=O)O
CHEMBL15928,4.48,COc1ccc(NC(=O)c2ccc(cc2)c3ccc(cc3C)c4noc(C)n4)cc1N5CCN(C)CC5
CHEMBL896,3.1,OCCOCCN1CCN(CC1)C(c2ccccc2)c3ccc(Cl)cc3
CHEMBL896,0.9,OCCOCCN1CCN(CC1)C(c2ccccc2)c3ccc(Cl)cc3
CHEMBL166954,0.2,CN(C(=O)C1=C(O)c2ccccc2S(=O)(=O)N1C)c3ccccn3
CHEMBL166954,0.14,CN(C(=O)C1=C(O)c2ccccc2S(=O)(=O)N1C)c3ccccn3
CHEMBL166954,-0.12,CN(C(=O)C1=C(O)c2ccccc2S(=O)(=O)N1C)c3ccccn3
CHEMBL417425,0.97,CCCCN(C)N=Nc1ccc(cc1)C(=O)O
CHEMBL422504,3.91,CN1CCN(CC1)c2cc(NC(=O)c3ccc(cc3)c4ccc(cc4C)c5noc(C)n5)ccc2O
CHEMBL1498,3.08,C[C@]12CC[C@H]3[C@@H](CCC4=CC(=O)CC[C@]34C)[C@@H]1CC[C@@H]2C(=O)CO
CHEMBL3085573,3.99,CC(=O)[C@H]1CC[C@H]2[C@@H]3CCC4CC(=O)CC[C@]4(C)[C@H]3CC[C@]12C
CHEMBL298833,-2,CP(Br)(c1ccccc1)(c2ccccc2)c3ccccc3
CHEMBL88,0.63,ClCCN(CCCl)P1(=O)NCCCO1
CHEMBL309253,3.2,Sc1nc(nn1Cc2cccc(Cl)c2)c3ccccc3Cl
CHEMBL119,0.84,COc1cc(NCc2ccc3nc(N)nc(N)c3c2C)cc(OC)c1OC
CHEMBL341619,-0.74,Cc1[nH]cnc1CSCCNC2=NCCS(=O)(=O)N2
CHEMBL22,-1.55,COc1cc(Cc2cnc(N)nc2N)cc(OC)c1OC
CHEMBL6755,-3.55,CC(=O)c1cccc(c1)N2C(=NC(=NC2(C)C)N)N
CHEMBL852,-0.52,N[C@@H](Cc1ccc(cc1)N(CCCl)CCCl)C(=O)O
CHEMBL144800,0.13,C\\N=C(\\NCCSCc1[nH]cnc1C)/N[N+](=O)[O-]
CHEMBL275446,0.55,C\\N=C(/S)\\NCCSCc1[nH]cnc1C
CHEMBL55400,1.1,Nc1ccc2cc3ccc(N)cc3nc2c1
CHEMBL21254,3.41,CCCCCCCCCCCCc1cccc(c1)N2C(=NC(=NC2(C)C)N)N
CHEMBL76897,2.64,[I-].C[N+]1(C)CCC(CC1)OC(=O)C(c2ccccc2)c3ccccc3
CHEMBL70565,1.97,CCCN1CCO[C@H]2[C@H]1COc3ccc(O)cc23
CHEMBL291778,1.02,[O-][N+](=O)c1cccc2ccc[n+]([O-])c12
CHEMBL803,-2.13,NC1=NC(=O)N(C=C1)[C@@H]2O[C@H](CO)[C@@H](O)[C@@H]2O
CHEMBL79,1.65,CCN(CC)CC(=O)Nc1c(C)cccc1C
CHEMBL803,-2.13,NC1=NC(=O)N(C=C1)[C@@H]2O[C@H](CO)[C@@H](O)[C@@H]2O
CHEMBL105,-0.38,CO[C@]12[C@H]3N[C@H]3CN1C4=C([C@H]2COC(=O)N)C(=O)C(=C(C)C4=O)N
CHEMBL6742,-3,CC1(C)N=C(N)N=C(N)N1c2ccccc2
CHEMBL569,0.3,CCN(CC)CCOC(=O)c1ccc(N)cc1
CHEMBL107,1.03,COC1=CC=C2C(=CC1=O)[C@H](CCc3cc(OC)c(OC)c(OC)c23)NC(=O)C
CHEMBL698,1,CCCCNc1ccc(cc1)C(=O)OCCN(C)C
CHEMBL69414,2.39,CCCN(CCC)C1COc2ccc(O)cc2C1
CHEMBL607438,1.93,CCCN1CCO[C@H]2[C@H]1COc3c(O)cccc23
CHEMBL27769,3.14,C[C@]12CC[C@H]3[C@@H](CC[C@H]4CC(=O)CC[C@]34C)[C@@H]1CC[C@@H]2O
CHEMBL343434,0.79,Cc1[nH]cnc1CSCCNc2cccc(O)n2
CHEMBL222280,-0.29,OC[C@H]1O[C@H](C[C@@H]1O)N2C=C(Br)C(=O)NC2=O
CHEMBL20424,0.69,CC1(C)N=C(N)N=C(N)N1c2cccc(COc3cccc(c3)c4ccccc4)c2
CHEMBL60696,-3,[Br-].CCCC[N+](CCCC)(CCCC)CCCC
CHEMBL38428,2.44,CCCN(CCC)C1COc2c(O)cccc2C1
CHEMBL343463,-0.08,C\\N=C/1\\C(\\C(=C1O)O)=N/CCSCc2[nH]cnc2C
CHEMBL144809,-0.87,Cc1[nH]cnc1CSCCNC2=C(CCN2)[N+](=O)[O-]
CHEMBL144810,-0.2,Cc1[nH]cnc1CSCCNc2nccc(O)c2[N+](=O)[O-]
CHEMBL20911,-4.49,CC1(C)N=C(N)N=C(N)N1c2cccc(c2)C(=O)N
CHEMBL264373,2.56,Cc1nc(N)nc(N)c1c2ccc(Cl)c(Cl)c2
CHEMBL411729,3.37,C[C@@H]1CCC[C@@H](O)\\C=C\\C(=O)O[C@]23[C@@H](\\C=C\\C1)[C@H](O)C(=C)[C@@H](C)[C@H]2[C@H](Cc4ccccc4)NC3=O
CHEMBL1489,-2.17,NC1=NC(=O)N(C=N1)[C@@H]2O[C@H](CO)[C@@H](O)[C@H]2O
CHEMBL30,0.4,CN\\C(=N/CCSCc1nc[nH]c1C)\\NC#N
CHEMBL344062,-0.5,Cc1[nH]cnc1CSCCNC2=NCC(=C2)O
CHEMBL278587,-3.67,CC1(C)N=C(N)N=C(N)N1c2cccc(O)c2
CHEMBL61,2.01,COc1cc(cc(OC)c1OC)[C@H]2[C@@H]3[C@H](COC3=O)[C@@H](O)c4cc5OCOc5cc24
CHEMBL284328,1.15,[Br-].CC[n+]1c(c2ccccc2)c3cc(N)ccc3c4ccc(N)cc14
CHEMBL273273,1.53,CCCN(CCC)C1CCc2c(O)cccc2C1
CHEMBL21799,2.93,CCc1nc(N)nc(N)c1c2ccc(Cl)c(Cl)c2
CHEMBL50588,3.24,CC[C@H]1CN2CCc3cc(OC)c(OC)cc3[C@@H]2C[C@@H]1C[C@H]4NCCc5cc(OC)c(OC)cc45
CHEMBL671,0.53,S=P(N1CC1)(N2CC2)N3CC3
CHEMBL277100,-0.29,CC1CN(CCN1)c2cc3N(C=C(C(=O)O)C(=O)c3cc2F)c4ccc(F)cc4F
CHEMBL69271,2.09,CCCN1CCO[C@H]2[C@H]1CCc3ccc(O)cc23
CHEMBL148181,-0.4,CN\\C(=C\\[N+](=O)[O-])\\NCCSCc1[nH]cnc1C
CHEMBL421943,-0.4,Cc1[nH]cnc1CSCCNc2ccnc(O)n2
CHEMBL27,1.18,CC(C)NCC(O)COc1cccc2ccccc12
CHEMBL49282,-0.27,C[C@@H]1CN(CCN1)c2cc3N(C=C(C(=O)O)C(=O)c3cc2F)c4ccc(F)cc4F
CHEMBL389621,1.2,C[C@]12CCC(=O)C=C1CC[C@H]3[C@@H]4CC[C@](O)(C(=O)CO)[C@@]4(C)C[C@H](O)[C@H]23
CHEMBL7492,1.77,COc1ccc(OC)c(Cc2cnc3nc(N)nc(N)c3c2C)c1
CHEMBL354349,1.6,[Cl-].C[n+]1c2cc(N)ccc2cc3ccc(N)cc13
CHEMBL607437,2.22,CCCN1CCO[C@H]2[C@H]1CCc3c(O)cccc23
CHEMBL146837,0.02,Cc1[nH]cnc1CSCCNc2nccc(O)n2
CHEMBL469912,0.86,COc1ccc(C[C@H](N)C(=O)N[C@@H]2[C@@H](CO)O[C@H]([C@@H]2O)n3cnc4c(ncnc34)N(C)C)cc1
CHEMBL268088,-2.14,CC1(C)N=C(N)N=C(N)N1c2cccc(Br)c2
CHEMBL285755,1.45,CCCN(CCC)C1CCc2ccc(O)cc2C1
CHEMBL515,1.47,OC(=O)CCCc1ccc(cc1)N(CCCl)CCCl
CHEMBL147803,0.8,Cc1[nH]cnc1CSCCNc2cc(O)ccn2
CHEMBL433632,1.37,CNC1CCc2cc(OC)c(OC)c(OC)c2C3=CC=C(OC)C(=O)C=C13
CHEMBL359183,1.04,Cc1[nH]cnc1CSCCNc2[nH]ccc2[N+](=O)[O-]
CHEMBL147889,-0.06,CNC(=O)NCCSCc1[nH]cnc1C
CHEMBL83,4.03,CC\\C(=C(/c1ccccc1)\\c2ccc(OCCN(C)C)cc2)\\c3ccccc3
CHEMBL49071,-0.27,C[C@H]1CN(CCN1)c2cc3N(C=C(C(=O)O)C(=O)c3cc2F)c4ccc(F)cc4F
CHEMBL1743981,0.681,Cl.CN(C)CC(=O)NCc1ccccc1
CHEMBL1788379,0.67,Cl.O=C(CN1CCOCC1)NCc2ccccc2
CHEMBL143723,2.18,CCN(CC)CCc1c[nH]c2ccc(OCc3ccccc3)cc12
CHEMBL1743970,2.962,Cl.CCN(CC)CC(=O)NC1c2ccccc2c3ccccc13
CHEMBL141706,1.24,CCCN(CCC)CCc1c[nH]c2ccc(O)cc12
CHEMBL1743978,1.783,Cl.O=C(CN1CCCCC1)NCc2ccccc2
CHEMBL143512,-0.24,NCCc1c[nH]c2ccc(OS(=O)(=O)C(F)(F)F)cc12
CHEMBL1743974,4.366,Cl.CCCN(CCC)CC(=O)NC1c2ccccc2c3ccccc13
CHEMBL1743971,1.881,Cl.CCN(CC)CC(=O)NC1CCc2ccccc12
CHEMBL143967,2.21,CCCN(CCC)CCc1c[nH]c2ccc(OS(=O)(=O)C(F)(F)F)cc12
CHEMBL143767,1.41,CN(C)CCc1c[nH]c2ccc(OS(=O)(=O)C(F)(F)F)cc12
CHEMBL142629,0.28,CCN(CC)CCc1c[nH]c2ccc(O)cc12
CHEMBL143745,3.08,CCCN(CCC)CCc1c[nH]c2ccc(OCc3ccccc3)cc12
CHEMBL143510,1.31,CCN(CC)CCc1c[nH]c2ccc(OS(=O)(=O)C(F)(F)F)cc12
CHEMBL56715,0.769,O=C(CN1CCCC1)NCc2ccccc2
CHEMBL357130,2.28,CN(C)CCc1c[nH]c2ccc(OCc3ccccc3)cc12
CHEMBL1743973,1.385,Cl.CCN(CC)CC(=O)NCc1ccccc1
CHEMBL344127,1.71,COc1ccc(CNC(=O)\\C=C\\c2ccc3[nH]cc(CCN(C)C)c3c2)cc1
CHEMBL57582,1.55,CCc1cc(Cc2cnc(N)nc2N)cc(CC)c1CC
CHEMBL159098,0.76,CNC12CCCCC1C(=C)c3ccccc23
CHEMBL349819,0.86,NC12CCC(CO)CC1Cc3ccccc23
CHEMBL218490,2,CCN[C@H]1C[C@H](C)S(=O)(=O)c2sc(cc12)S(=O)(=O)N
CHEMBL157931,0.33,CN[C@]12CCCC[C@H]1Cc3ccccc23
CHEMBL19633,1,COc1ccc(Cc2cnc(N)nc2N)cc1OC
CHEMBL351332,0.62,CNC12CCCCC1c3ccccc3C2
CHEMBL161824,0.21,CNC12CCCCC1Cc3cc(OC)ccc23
CHEMBL417095,-0.36,Nc1ncc(Cc2cccc(Cl)c2)c(N)n1
CHEMBL20,0.001,CC(=O)Nc1nnc(s1)S(=O)(=O)N
CHEMBL138253,2.347,CN1N=C(S/C/1=N\\S(=O)(=O)c2c(F)c(F)c(F)c(F)c2F)S(=O)(=O)N
CHEMBL160647,0.3,NC12CCCCC1c3ccccc3C2
CHEMBL19,0.06,CN1N=C(S/C/1=N/C(=O)C)S(=O)(=O)N
CHEMBL19113,-1.94,CC(=O)Nc1ccc(Cc2cnc(N)nc2N)cc1
CHEMBL19383,1.82,CN(C)c1ccc(Cc2cnc(N)nc2N)cc1
CHEMBL280378,2.9,CCOc1cc(Cc2cnc(N)nc2N)cc(OCC)c1n3cccc3
CHEMBL31402,-1.89,COCCOc1ccc(Cc2cnc(N)nc2N)cc1OCCOC
CHEMBL161405,0.17,CNC12CCC(CO)CC1Cc3ccccc23
CHEMBL158675,0.43,CN[C@@]12CCCC[C@@H]1Cc3ccccc23
CHEMBL32039,-1.81,COCCOc1c(OC)cc(Cc2cnc(N)nc2N)cc1OC
CHEMBL22,-1.55,COc1cc(Cc2cnc(N)nc2N)cc(OC)c1OC
CHEMBL31891,2.04,COc1cc(Cc2cnc(N)nc2N)cc(OC)c1Br
CHEMBL162352,-1.42,CN[C@@]12CC[C@@H](CN)C[C@@H]1Cc3ccccc23
CHEMBL31351,-1.33,COCCOc1cccc(Cc2cnc(N)nc2N)c1
CHEMBL94836,2.113,NS(=O)(=O)c1nnc(NS(=O)(=O)c2c(F)c(F)c(F)c(F)c2F)s1
CHEMBL19772,-0.8,Nc1ncc(Cc2cccc(F)c2)c(N)n1
CHEMBL275528,3.63,C1CCN(CC1)C2(CCCCC2)c3ccccc3
CHEMBL324665,0.17,CC(C)NCC(O)COc1cccc2[nH]c3ccccc3c12
CHEMBL324665,0.3,CC(C)NCC(O)COc1cccc2[nH]c3ccccc3c12
CHEMBL324665,0.42,CC(C)NCC(O)COc1cccc2[nH]c3ccccc3c12
CHEMBL324665,0.68,CC(C)NCC(O)COc1cccc2[nH]c3ccccc3c12
CHEMBL324665,1.07,CC(C)NCC(O)COc1cccc2[nH]c3ccccc3c12
CHEMBL324665,1.51,CC(C)NCC(O)COc1cccc2[nH]c3ccccc3c12
CHEMBL324665,2.13,CC(C)NCC(O)COc1cccc2[nH]c3ccccc3c12
CHEMBL324665,2.44,CC(C)NCC(O)COc1cccc2[nH]c3ccccc3c12
CHEMBL324665,2.5,CC(C)NCC(O)COc1cccc2[nH]c3ccccc3c12
CHEMBL324665,2.43,CC(C)NCC(O)COc1cccc2[nH]c3ccccc3c12
CHEMBL56318,1.6,COc1cc(Cc2cnc(N)nc2N)cc(OC)c1SC
CHEMBL57787,3.07,COc1cc(Cc2cnc(N)nc2N)cc(OC)c1C(=C)C
CHEMBL18967,-0.92,COc1cccc(Cc2cnc(N)nc2N)c1
CHEMBL265493,-1.03,Nc1ncc(Cc2ccccc2)c(N)n1
CHEMBL265493,1.58,Nc1ncc(Cc2ccccc2)c(N)n1
CHEMBL265493,1.54,Nc1ncc(Cc2ccccc2)c(N)n1
CHEMBL351301,0.65,CNC12CCCCC1Cc3ccc(OC)cc23
CHEMBL56129,1.52,Nc1ncc(Cc2ccc3OCOc3c2)c(N)n1
CHEMBL19406,-0.51,Cc1cccc(Cc2cnc(N)nc2N)c1
CHEMBL274031,0.53,Nc1ncc(Cc2cccc(OCc3ccccc3)c2)c(N)n1
CHEMBL341760,2.245,NS(=O)(=O)c1nnc(NC(=O)c2c(F)c(F)c(F)c(F)c2F)s1
CHEMBL140941,1.012,CN1N=C(S/C/1=N/S(=O)(=O)C(F)(F)F)S(=O)(=O)N
CHEMBL60913,2.52,CCOc1cc(Cc2cnc(N)nc2N)cc(OCC)c1
CHEMBL19414,-1.03,Nc1ncc(Cc2ccc(cc2)[N+](=O)[O-])c(N)n1
CHEMBL346014,0.04,CNC12CC=CCC1c3ccccc3C2
CHEMBL284237,2.1,C[C@]12N[C@H](Cc3ccccc13)c4ccccc24
CHEMBL287241,1.6,COc1cc(Cc2cnc(N)nc2N)cc(OC)c1
CHEMBL19023,1.34,COc1ccc(Cc2cnc(N)nc2N)cc1
CHEMBL337369,1.525,NS(=O)(=O)c1nnc(NS(=O)(=O)C(F)(F)C(F)(F)C(F)(F)C(F)(F)F)s1
CHEMBL57160,2.55,CCCCCCCCOc1cc(Cc2cnc(N)nc2N)ccc1OC
CHEMBL293299,1.51,COc1cc(Cc2cnc(N)nc2N)cc(OC)c1N(C)C
CHEMBL158540,0.66,CNC12CCCCCC1Cc3ccccc23
CHEMBL111639,0.03,CC(CF)NCC(O)COc1cccc2[nH]c3ccccc3c12
CHEMBL111639,0.38,CC(CF)NCC(O)COc1cccc2[nH]c3ccccc3c12
CHEMBL111639,1.11,CC(CF)NCC(O)COc1cccc2[nH]c3ccccc3c12
CHEMBL111639,1.76,CC(CF)NCC(O)COc1cccc2[nH]c3ccccc3c12
CHEMBL111639,2.2,CC(CF)NCC(O)COc1cccc2[nH]c3ccccc3c12
CHEMBL111639,2.48,CC(CF)NCC(O)COc1cccc2[nH]c3ccccc3c12
CHEMBL111639,2.7,CC(CF)NCC(O)COc1cccc2[nH]c3ccccc3c12
CHEMBL111639,2.8,CC(CF)NCC(O)COc1cccc2[nH]c3ccccc3c12
CHEMBL111639,2.81,CC(CF)NCC(O)COc1cccc2[nH]c3ccccc3c12
CHEMBL111639,2.81,CC(CF)NCC(O)COc1cccc2[nH]c3ccccc3c12
CHEMBL19672,0.26,Nc1ccc(Cc2cnc(N)nc2N)cc1
CHEMBL161709,-2.65,CNC[C@@H]1CC[C@]2(NC)[C@H](C1)Cc3ccccc23
CHEMBL309862,1.36,OC(CNC1C2CCC(C2)[C@@H]1Br)Cn3ccnc3[N+](=O)[O-]
CHEMBL83556,-0.17,OC(CNC1COCC[C@@H]1Br)Cn2ccnc2[N+](=O)[O-]
CHEMBL83904,1.21,OC(CNC1CCCC[C@@H]1Br)Cn2ccnc2[N+](=O)[O-]
CHEMBL79611,-1.51,OC(CN1CCC1)Cn2ccnc2[N+](=O)[O-]
CHEMBL82563,1.44,OC(CN1C2CCCCCC12)Cn3ccnc3[N+](=O)[O-]
CHEMBL81984,1.07,OC(CN1C2CCCCC12)Cn3ccnc3[N+](=O)[O-]
CHEMBL310284,0.07,OC(CN1C2CCOCC12)Cn3ccnc3[N+](=O)[O-]
CHEMBL82676,1.6,OC(CN1C2C3CCC(C3)C12)Cn4ccnc4[N+](=O)[O-]
CHEMBL63753,0.33,OC(CN1CC1)Cn2ccnc2[N+](=O)[O-]
CHEMBL315797,1.55,CC1CCCC2C1N2CC(O)Cn3ccnc3[N+](=O)[O-]
CHEMBL312155,-0.29,COC(=O)C1CCN1CC(O)Cn2ccnc2[N+](=O)[O-]
CHEMBL83614,0.37,OC(CN1C2CCCC12)Cn3ccnc3[N+](=O)[O-]
CHEMBL143850,3.94,COc1cc(cc(OC)c1OC)[C@H]2CN=C(O2)c3ccc4c(ccn4C)c3
CHEMBL82840,2.15,OC(CN1C2CCc3ccccc3C12)Cn4ccnc4[N+](=O)[O-]
CHEMBL83593,1.13,CCOC(=O)C1CCC2C(C1)N2CC(O)Cn3ccnc3[N+](=O)[O-]
CHEMBL83848,0.43,OC(CNC1CCC[C@H]1Br)Cn2ccnc2[N+](=O)[O-]
CHEMBL84863,1.84,OC(CN1C2CCCCCCC12)Cn3ccnc3[N+](=O)[O-]
CHEMBL11825,3.96,Cc1cc(ccc1N)c2nc3ccccc3s2
CHEMBL11825,2.51,Cc1cc(ccc1N)c2nc3ccccc3s2
CHEMBL314668,-2.02,OC(CN1CCC1C(=O)O)Cn2ccnc2[N+](=O)[O-]
CHEMBL20547,-0.52,Brc1cccc(Br)c1N(Cc2occc2)C3=NCCN3
CHEMBL19723,-0.99,Cc1cccc(Cl)c1N(CC2CC2)C3=NCCN3
CHEMBL80020,0.069,CN(C)C(=O)CCN1C=CC(=O)C(=C1C)O
CHEMBL70714,17.4,CCCCCN1C=CC(=O)C(=C1C)O
CHEMBL79800,0.001,CC1=C(O)C(=O)C=CN1CCCC(=O)O
CHEMBL20816,-0.18,Brc1cccc(Br)c1N(CC#C)C2=NCCN2
CHEMBL320412,-0.39,CN(C)CCc1c[nH]c2ccc(CN3CC(C)(C)NS3(=O)=O)cc12
CHEMBL343725,1.3,[Cl-].CN(C)c1ccc(cc1)c2cc([s+]c(c2)c3ccc(N)cc3)c4ccccc4
CHEMBL149925,1.8,[Cl-].Nc1ccc(cc1)c2cc(cc([s+]2)c3ccc(N)cc3)c4ccc(cc4)N5CCOCC5
CHEMBL20093,-2.5,CCCCN(C1=NCCN1)c2c(Br)cccc2Br
CHEMBL282933,0.27,Brc1cccc(Br)c1N(CC2CCCCC2)C3=NCCN3
CHEMBL278629,-0.63,NC(=N)N(CC1CC1)c2c(Br)cccc2Br
CHEMBL149555,1.9,[Cl-].CN(C)c1ccc(cc1)c2cc([s+]c(c2)c3ccc(N)cc3)c4ccc(N)cc4
CHEMBL417459,-0.29,Brc1cccc(Br)c1N(C2CCCC2)C3=NCCN3
CHEMBL20013,-1.03,Brc1cccc(Br)c1N(CC2CC2)C3=NCCCN3
CHEMBL79967,0.206,CCN(C)C(=O)CCN1C=CC(=O)C(=C1C)O
CHEMBL70,-0.07,CN1CC[C@]23[C@H]4Oc5c(O)ccc(C[C@@H]1[C@@H]2C=C[C@@H]4O)c35
CHEMBL70,-0.02,CN1CC[C@]23[C@H]4Oc5c(O)ccc(C[C@@H]1[C@@H]2C=C[C@@H]4O)c35
CHEMBL70,-0.08,CN1CC[C@]23[C@H]4Oc5c(O)ccc(C[C@@H]1[C@@H]2C=C[C@@H]4O)c35
CHEMBL70,-2.1,CN1CC[C@]23[C@H]4Oc5c(O)ccc(C[C@@H]1[C@@H]2C=C[C@@H]4O)c35
CHEMBL70,-2,CN1CC[C@]23[C@H]4Oc5c(O)ccc(C[C@@H]1[C@@H]2C=C[C@@H]4O)c35
CHEMBL70,-2,CN1CC[C@]23[C@H]4Oc5c(O)ccc(C[C@@H]1[C@@H]2C=C[C@@H]4O)c35
CHEMBL70,0.89,CN1CC[C@]23[C@H]4Oc5c(O)ccc(C[C@@H]1[C@@H]2C=C[C@@H]4O)c35
CHEMBL70,0.9,CN1CC[C@]23[C@H]4Oc5c(O)ccc(C[C@@H]1[C@@H]2C=C[C@@H]4O)c35
CHEMBL70,0.81,CN1CC[C@]23[C@H]4Oc5c(O)ccc(C[C@@H]1[C@@H]2C=C[C@@H]4O)c35
CHEMBL70,-2,CN1CC[C@]23[C@H]4Oc5c(O)ccc(C[C@@H]1[C@@H]2C=C[C@@H]4O)c35
CHEMBL70,-2,CN1CC[C@]23[C@H]4Oc5c(O)ccc(C[C@@H]1[C@@H]2C=C[C@@H]4O)c35
CHEMBL70,-1.5,CN1CC[C@]23[C@H]4Oc5c(O)ccc(C[C@@H]1[C@@H]2C=C[C@@H]4O)c35
CHEMBL1592343,-1.32,CC1=CC(=O)Oc2cc(O[C@@H]3O[C@@H]([C@@H](O)[C@H](O)[C@H]3O)C(=O)O)ccc12
CHEMBL1592343,-0.39,CC1=CC(=O)Oc2cc(O[C@@H]3O[C@@H]([C@@H](O)[C@H](O)[C@H]3O)C(=O)O)ccc12
CHEMBL1592343,-1.3,CC1=CC(=O)Oc2cc(O[C@@H]3O[C@@H]([C@@H](O)[C@H](O)[C@H]3O)C(=O)O)ccc12
CHEMBL19924,-0.64,CC(C)CN(C1=NCCN1)c2c(Br)cccc2Br
CHEMBL20176,-0.75,Brc1cccc(Br)c1N(CC=C)C2=NCCN2
CHEMBL127660,0.65,COC1=CC(=O)c2c(C1=O)c(COC(=O)N)c3C4CC4Cn23
CHEMBL511142,3.93,CO[C@@]12CC[C@@]3(C[C@@H]1[C@](C)(O)C(C)(C)C)[C@H]4Cc5ccc(O)c6O[C@@H]2[C@]3(CCN4CC7CC7)c56
CHEMBL511142,0.45,CO[C@@]12CC[C@@]3(C[C@@H]1[C@](C)(O)C(C)(C)C)[C@H]4Cc5ccc(O)c6O[C@@H]2[C@]3(CCN4CC7CC7)c56
CHEMBL511142,4.98,CO[C@@]12CC[C@@]3(C[C@@H]1[C@](C)(O)C(C)(C)C)[C@H]4Cc5ccc(O)c6O[C@@H]2[C@]3(CCN4CC7CC7)c56
CHEMBL511142,3.24,CO[C@@]12CC[C@@]3(C[C@@H]1[C@](C)(O)C(C)(C)C)[C@H]4Cc5ccc(O)c6O[C@@H]2[C@]3(CCN4CC7CC7)c56
CHEMBL339865,2.2,[Cl-].CN(C)c1ccc(cc1)c2cc([s+]c(c2)c3ccc(cc3)N(C)C)c4ccc(cc4)N(C)C
CHEMBL278627,-0.52,Brc1ccc(Br)c(c1)N(CC2CC2)C3=NCCN3
CHEMBL20335,-0.55,CCCN(C1=NCCN1)c2c(Br)cccc2Br
CHEMBL81920,0.338,CC(C)NC(=O)CCN1C=CC(=O)C(=C1C)O
CHEMBL78416,1.1,CCC1=C(O)C(=O)C=CN1CCOC
CHEMBL79771,0.181,CC1=C(O)C(=O)C=CN1CCCCO
CHEMBL319223,-0.92,CN(C)CCc1c[nH]c2ccc(cc12)N3CCN(C)S3(=O)=O
CHEMBL278581,-1.66,Clc1cccc(Cl)c1N(CC=C)C2=NCCN2
CHEMBL20490,0.02,CC(=C)CCN(C1=NCCN1)c2c(Br)cccc2Br
CHEMBL72601,79,CCCCCCN1C=CC(=O)C(=C1C)O
CHEMBL82595,16.6,CCCCN1C=CC(=O)C(=C1CC)O
CHEMBL102645,-0.78,CN(C)CCc1c[nH]c2ccc(CN3C(C)(C)CNS3(=O)=O)cc12
CHEMBL1227,-1.56,O[C@H]1C=C[C@H]2[C@H]3Cc4ccc(O)c5O[C@@H]1[C@]2(CCN3)c45
CHEMBL1227,-2,O[C@H]1C=C[C@H]2[C@H]3Cc4ccc(O)c5O[C@@H]1[C@]2(CCN3)c45
CHEMBL1227,-0.17,O[C@H]1C=C[C@H]2[C@H]3Cc4ccc(O)c5O[C@@H]1[C@]2(CCN3)c45
CHEMBL1227,-2,O[C@H]1C=C[C@H]2[C@H]3Cc4ccc(O)c5O[C@@H]1[C@]2(CCN3)c45
CHEMBL20910,0.14,Brc1cccc(Br)c1N(C2CCCCC2)C3=NCCN3
CHEMBL70721,5.05,CCCCN1C=CC(=O)C(=C1C)O
CHEMBL80074,0.008,Cl.CC1=C(O)C(=O)C=CN1CCCN
CHEMBL126446,1.48,CC1CN1C2=CC(=O)c3c(cc4C5CC5Cn34)C2=O
CHEMBL323334,-0.02,CN(C)CCc1c[nH]c2ccc(CN3CCCN(C)S3(=O)=O)cc12
CHEMBL20415,0.32,CCCCCN(C1=NCCN1)c2c(Br)cccc2Br
CHEMBL20241,-0.05,Brc1cccc(Br)c1N(Cc2ccccc2)C3=NCCN3
CHEMBL278118,-0.1,Brc1cccc(Br)c1N(Cc2cccs2)C3=NCCN3
CHEMBL20521,-1.71,CN(C1=NCCN1)c2c(Br)cccc2Br
CHEMBL283739,-0.95,Fc1cccc(c1N(CC2CC2)C3=NCCN3)C(F)(F)F
CHEMBL79283,0.402,CCCNC(=O)CCN1C=CC(=O)C(=C1C)O
CHEMBL102586,-1.71,CNCCc1c[nH]c2ccc(CN3CCN(C)S3(=O)=O)cc12
CHEMBL78582,5.2,CCOCCCN1C=CC(=O)C(=C1CC)O
CHEMBL19915,-0.82,CC(C)N(C1=NCCN1)c2c(Br)cccc2Br
CHEMBL20907,0.16,CC(C)CCN(C1=NCCN1)c2c(Br)cccc2Br
CHEMBL277652,0.32,Brc1cccc(Br)c1N(CC2CCCC2)C3=NCCN3
CHEMBL283961,-0.66,CC(=C)CN(C1=NCCN1)c2c(Br)cccc2Br
CHEMBL81068,5.4,CCC1=C(O)C(=O)C=CN1C(C)C
CHEMBL103205,-0.68,CN(C)CCc1c[nH]c2ccc(CN3CCN(C)S3(=O)=O)cc12
CHEMBL79365,0.55,COCC(C)N1C=CC(=O)C(=C1C)O
CHEMBL80019,0.436,CCN(CC)C(=O)CCN1C=CC(=O)C(=C1C)O
CHEMBL81858,0.001,CC1=C(O)C(=O)C=CN1CCC(=O)O
CHEMBL592009,0.61,CN1CC[C@]23[C@H]4Oc5c(O)ccc(C[C@@H]1[C@@H]2C=C[C@@H]4OC(=O)C)c35
CHEMBL592009,-2,CN1CC[C@]23[C@H]4Oc5c(O)ccc(C[C@@H]1[C@@H]2C=C[C@@H]4OC(=O)C)c35
CHEMBL592009,1.55,CN1CC[C@]23[C@H]4Oc5c(O)ccc(C[C@@H]1[C@@H]2C=C[C@@H]4OC(=O)C)c35
CHEMBL592009,-0.42,CN1CC[C@]23[C@H]4Oc5c(O)ccc(C[C@@H]1[C@@H]2C=C[C@@H]4OC(=O)C)c35
CHEMBL277244,-0.31,Brc1ccc(N(CC2CC2)C3=NCCN3)c(Br)c1
CHEMBL75198,1.05,NC(=O)OCc1c2C3CC3Cn2c4C(=O)C=C(N5CC5)C(=O)c14
CHEMBL20358,-1.03,Fc1cccc(Br)c1N(CC2CC2)C3=NCCN3
CHEMBL102548,-0.97,CN(C)CCc1c[nH]c2ccc(CN3CCNS3(=O)=O)cc12
CHEMBL20859,-0.98,Fc1cccc(Cl)c1N(CC2CC2)C3=NCCN3
CHEMBL103371,-0.57,CN(C)CCc1c[nH]c2ccc(CCN3CCN(C)S3(=O)=O)cc12
CHEMBL459324,0.85,CN1CC[C@]23[C@H]4Oc5c(OC(=O)C)ccc(C[C@@H]1[C@@H]2C=C[C@@H]4OC(=O)C)c35
CHEMBL459324,-0.94,CN1CC[C@]23[C@H]4Oc5c(OC(=O)C)ccc(C[C@@H]1[C@@H]2C=C[C@@H]4OC(=O)C)c35
CHEMBL459324,1.58,CN1CC[C@]23[C@H]4Oc5c(OC(=O)C)ccc(C[C@@H]1[C@@H]2C=C[C@@H]4OC(=O)C)c35
CHEMBL1908321,-1.26,COc1ccc2C[C@H]3NCC[C@@]45[C@@H](Oc1c24)[C@@H](O)C=C[C@@H]35
CHEMBL1908321,-2,COc1ccc2C[C@H]3NCC[C@@]45[C@@H](Oc1c24)[C@@H](O)C=C[C@@H]35
CHEMBL1908321,0.69,COc1ccc2C[C@H]3NCC[C@@]45[C@@H](Oc1c24)[C@@H](O)C=C[C@@H]35
CHEMBL1908321,-2,COc1ccc2C[C@H]3NCC[C@@]45[C@@H](Oc1c24)[C@@H](O)C=C[C@@H]35
CHEMBL20275,-0.41,Brc1cccc(N(CC2CC2)C3=NCCN3)c1Br
CHEMBL421663,1.19,CC1CN1C2=CC(=O)c3c(C2=O)c(COC(=O)N)c4C5CC5Cn34
CHEMBL278523,-1.41,Fc1cccc(F)c1N(CC2CC2)C3=NCCN3
CHEMBL81648,750,CCCCCCCCN1C=CC(=O)C(=C1C)O
CHEMBL309951,0.152,CCNC(=O)CCN1C=CC(=O)C(=C1C)O
CHEMBL20588,-0.49,C\\C=C\\CN(C1=NCCN1)c2c(Br)cccc2Br
CHEMBL436342,-0.92,Clc1cccc(Cl)c1N(CC2CC2)C3=NCCN3
CHEMBL1329,-1.12,CN1CC[C@]23[C@H]4Oc5c(O[C@@H]6O[C@@H]([C@@H](O)[C@H](O)[C@H]6O)C(=O)O)ccc(C[C@@H]1[C@@H]2C=C[C@@H]4O)c35
CHEMBL1329,-1.18,CN1CC[C@]23[C@H]4Oc5c(O[C@@H]6O[C@@H]([C@@H](O)[C@H](O)[C@H]6O)C(=O)O)ccc(C[C@@H]1[C@@H]2C=C[C@@H]4O)c35
CHEMBL1329,-1.15,CN1CC[C@]23[C@H]4Oc5c(O[C@@H]6O[C@@H]([C@@H](O)[C@H](O)[C@H]6O)C(=O)O)ccc(C[C@@H]1[C@@H]2C=C[C@@H]4O)c35
CHEMBL1329,-2,CN1CC[C@]23[C@H]4Oc5c(O[C@@H]6O[C@@H]([C@@H](O)[C@H](O)[C@H]6O)C(=O)O)ccc(C[C@@H]1[C@@H]2C=C[C@@H]4O)c35
CHEMBL1329,-1.42,CN1CC[C@]23[C@H]4Oc5c(O[C@@H]6O[C@@H]([C@@H](O)[C@H](O)[C@H]6O)C(=O)O)ccc(C[C@@H]1[C@@H]2C=C[C@@H]4O)c35
CHEMBL1329,-1.1,CN1CC[C@]23[C@H]4Oc5c(O[C@@H]6O[C@@H]([C@@H](O)[C@H](O)[C@H]6O)C(=O)O)ccc(C[C@@H]1[C@@H]2C=C[C@@H]4O)c35