CMPD_CHEMBLID,exp,smiles,,,,,,
CHEMBL14042,7.15,Clc1cc(Cl)c(Cl)c(c1Cl)c2c(Cl)c(Cl)cc(Cl)c2Cl,,,,,,
CHEMBL432162,3.888,Cc1nc(C)c2CCC(=O)N(Cc3ccc(cc3)c4ccccc4c5nn[nH]n5)c2n1,,,,,,
CHEMBL306457,3.1,NC(=O)C(C[C@H](O)[C@H](Cc1ccccc1)NC(=O)c2cnc3ccccc3n2)C4(O)CCCCC4,,,,,,
CHEMBL55115,0.04,OC(CN(Cc1ccccc1)C(=O)N2CCOCC2)CN(Cc3ccccc3)C(=O)N4CCOCC4,,,,,,
CHEMBL14658,7.55,Clc1cc(cc(Cl)c1Cl)c2cc(Cl)c(Cl)c(Cl)c2,,,,,,
CHEMBL66457,1.9,CC(C)(O)CC[C@H](C[C@H](O)[C@H](Cc1ccccc1)NC(=O)c2cnc3ccccc3n2)C(=O)N,,,,,,
CHEMBL304053,2,CC(C)(O)CCC(C[C@H](O)[C@H](Cc1ccccc1F)NC(=O)c2cnc3ccccc3n2)C(=O)N,,,,,,
CHEMBL65547,1.45,CN(C)CCc1c[nH]c2cccc(O)c12,,,,,,
CHEMBL41092,3.39,Cc1cc(O)c2C(=O)c3c(O)cccc3C(=O)c2c1,,,,,,
CHEMBL68366,3.4,CC(C)(F)CC[C@H](C[C@H](O)[C@H](Cc1ccccc1)NC(=O)c2cnc3ccccc3n2)C(=O)N,,,,,,
CHEMBL517712,1.76,CN1[C@@H]2CC[C@H]1C[C@H](C2)OC(=O)C(CO)c3ccccc3,,,,,,
CHEMBL69876,1.8,NC(=O)C(C[C@H](O)[C@H](Cc1ccccc1)NC(=O)c2cnc3ccccc3n2)C4CCOCC4,,,,,,
CHEMBL273933,6.09,Clc1ccc(Cl)c(c1)c2cc(Cl)ccc2Cl,,,,,,
CHEMBL14774,8.26,Clc1c(Cl)c(Cl)c(c(Cl)c1Cl)c2c(Cl)c(Cl)c(Cl)c(Cl)c2Cl,,,,,,
CHEMBL138635,-0.6,CC(=O)[C@H]1CCCN1C(=O)c2cccc(c2)C(=O)N3CCC[C@H]3C(=O)N4CCC[C@@H]4C#N,,,,,,
CHEMBL416526,1.19,CN(C)CCc1c[nH]c2ccc(O)cc12,,,,,,
CHEMBL14127,5.81,Clc1cc(Cl)c(cc1Cl)c2ccccc2,,,,,,
CHEMBL275246,6.52,Clc1c(Cl)c(Cl)c(c(Cl)c1Cl)c2ccccc2,,,,,,
CHEMBL412262,4.8,CN\\C(=N/S(=O)(=O)c1ccc(Cl)cc1)\\N2C[C@@H](C(=N2)c3ccc(Cl)cc3)c4ccccc4,,,,,,
CHEMBL174867,1.84,C=CCN(CCCN(CC=C)CC=C)CC=C,,,,,,
CHEMBL174826,3.1,CC1(C)CC(CC(C)(C)N1)NCCO,,,,,,
CHEMBL40275,2.62,OCc1cc(O)c2C(=O)c3c(O)cccc3C(=O)c2c1,,,,,,
CHEMBL42624,3.65,COc1cc(O)c2C(=O)c3c(O)cc(C)cc3C(=O)c2c1,,,,,,
CHEMBL14295,5.58,Clc1ccc(cc1)c2ccc(Cl)cc2,,,,,,
CHEMBL182,-3,Nc1nc(O)c2ncn(COC(CO)CO)c2n1,,,,,,
CHEMBL182,-2.07,Nc1nc(O)c2ncn(COC(CO)CO)c2n1,,,,,,
CHEMBL182,-8.1,Nc1nc(O)c2ncn(COC(CO)CO)c2n1,,,,,,
CHEMBL160767,4.3,Clc1ccc(cc1)C2=NN(CC2c3ccccc3)C(=N)NS(=O)(=O)c4ccc(Cl)cc4,,,,,,
CHEMBL10598,2.06,C(CN1CCCCC1)CN2CCCCC2,,,,,,
CHEMBL266195,3.1,CC(C)NCC(O)COc1ccccc1CC=C,,,,,,
CHEMBL70240,2,CC(C)(O)CCC(C[C@H](O)[C@H](Cc1ccc(F)cc1)NC(=O)c2cnc3ccccc3n2)C(=O)N,,,,,,
CHEMBL294844,3.99,CCOC(=O)N(CC(O)CN(Cc1ccccc1)C(=O)OCC)Cc2ccccc2,,,,,,
CHEMBL345528,3.907,CC1Cc2c(C)nc(C)nc2N(Cc3ccc(cc3)c4ccccc4c5nn[nH]n5)C1=O,,,,,,
CHEMBL66159,3,CC(C)(F)CCC(C[C@H](O)[C@H](Cc1ccccc1)NC(=O)c2cnc3ccccc3n2)C(=O)NN,,,,,,
CHEMBL16694,3.62,CCC(C1=C(O)Oc2ccccc2C1=O)c3ccccc3,,,,,,
CHEMBL14328,6.41,Clc1cc(c(Cl)c(Cl)c1Cl)c2ccccc2,,,,,,
CHEMBL53514,5.39,CC(C)(C)OC(=O)N(CC(O)CN(Cc1ccccc1)C(=O)OC(C)(C)C)Cc2ccccc2,,,,,,
CHEMBL140059,2.7,O=C(C1CCCC1)[C@@H]2CCCN2C(=O)c3cccc(c3)C(=O)N4CCC[C@@H]4C(=O)C5CCCC5,,,,,,
CHEMBL41490,2.59,Brc1cnc2ccccc2c1,,,,,,
CHEMBL41490,3.11,Brc1cnc2ccccc2c1,,,,,,
CHEMBL299531,4.12,CC(C)(C)NC(=O)N(CC(O)CN(Cc1ccccc1)C(=O)NC(C)(C)C)Cc2ccccc2,,,,,,
CHEMBL417802,4.73,Clc1ccccc1c2ccccc2Cl,,,,,,
CHEMBL13843,5.6,Clc1ccc(Cl)c(c1)c2ccccc2Cl,,,,,,
CHEMBL113,-2.33,CN1C(=O)N(C)c2ncn(C)c2C1=O,,,,,,
CHEMBL113,-0.09,CN1C(=O)N(C)c2ncn(C)c2C1=O,,,,,,
CHEMBL113,-2.3,CN1C(=O)N(C)c2ncn(C)c2C1=O,,,,,,
CHEMBL280521,8.16,Clc1cc(Cl)c(Cl)c(c1Cl)c2c(Cl)c(Cl)c(Cl)c(Cl)c2Cl,,,,,,
CHEMBL440731,4.426,Cc1nc(C)c2CC(C)(C)C(=O)N(Cc3ccc(cc3)c4ccccc4c5nn[nH]n5)c2n1,,,,,,
CHEMBL152958,3.917,CCc1nc(C)nc2N(Cc3ccc(cc3)c4ccccc4c5nn[nH]n5)C(=O)CCc12,,,,,,
CHEMBL153472,4.316,CC(C)c1nc(C)nc2N(Cc3ccc(cc3)c4ccccc4c5nn[nH]n5)C(=O)CCc12,,,,,,
CHEMBL29,1.76,CC1(C)S[C@@H]2[C@H](NC(=O)Cc3ccccc3)C(=O)N2[C@H]1C(=O)O,,,,,,
CHEMBL6966,2.51,COc1ccc(CCN(C)CCCC(C#N)(C(C)C)c2ccc(OC)c(OC)c2)cc1OC,,,,,,
CHEMBL301002,5.75,CC(C)COC(=O)N(CC(O)CN(Cc1ccccc1)C(=O)OCC(C)C)Cc2ccccc2,,,,,,
CHEMBL175729,2.89,CN(C)C1CC(C)(C)NC(C)(C)C1,,,,,,
CHEMBL269000,6.99,Clc1ccc(c(Cl)c1Cl)c2c(Cl)cc(Cl)c(Cl)c2Cl,,,,,,
CHEMBL12,1.49,CN1C(=O)CN=C(c2ccccc2)c3cc(Cl)ccc13,,,,,,
CHEMBL12,2.87,CN1C(=O)CN=C(c2ccccc2)c3cc(Cl)ccc13,,,,,,
CHEMBL6,2,COc1ccc2c(c1)c(CC(=O)O)c(C)n2C(=O)c3ccc(Cl)cc3,,,,,,
CHEMBL40,1.43,CCC1(C(=O)NC(=O)NC1=O)c2ccccc2,,,,,,
CHEMBL10272,3.55,O=C1CCC(C2CCN(Cc3ccccc3)CC2)(C(=O)N1)c4ccccc4,,,,,,
CHEMBL276334,4.61,Clc1ccc(cc1)c2ccccc2,,,,,,
CHEMBL13,2.34,COCCc1ccc(OCC(O)CNC(C)C)cc1,,,,,,
CHEMBL384467,1.74,C[C@@H]1C[C@H]2[C@@H]3CCC4=CC(=O)C=C[C@]4(C)[C@@]3(F)[C@@H](O)C[C@]2(C)[C@@]1(O)C(=O)CO,,,,,,
CHEMBL289277,2.87,Cc1cc(O)c2C(=O)c3c(O)cc(O)cc3C(=O)c2c1,,,,,,
CHEMBL41043,-1.56,CC(=O)c1ccc(cc1)S(=O)(=O)C,,,,,,
CHEMBL41043,0.33,CC(=O)c1ccc(cc1)S(=O)(=O)C,,,,,,
CHEMBL366500,2.74,NC1CCN(Cc2ccccc2)CC1,,,,,,
CHEMBL558225,3.478,Br.Br.CCN(CC)C(=O)C1CCCN(Cc2ccc(CN3CCCC(C3)C(=O)N(CC)CC)cc2)C1,,,,,,
CHEMBL408666,1.1,O=C([C@@H]1CCCN1C(=O)c2cccc(c2)C(=O)N3CCC[C@@H]3C(=O)c4ccccc4)N5CCC[C@@H]5C#N,,,,,,
CHEMBL288470,-1.1,CN(C)C1=C(C)N(C)N(C1=O)c2ccccc2,,,,,,
CHEMBL288470,0.82,CN(C)C1=C(C)N(C)N(C1=O)c2ccccc2,,,,,,
CHEMBL101,3.04,CCCCC1C(=O)N(N(C1=O)c2ccccc2)c3ccccc3,,,,,,
CHEMBL56041,2.48,OC(CN(Cc1ccccc1)C(=O)OC2CCOC2)CN(Cc3ccccc3)C(=O)OC4CCOC4,,,,,,
CHEMBL277474,-2.52,CN1N(C(=O)C=C1C)c2ccccc2,,,,,,
CHEMBL277474,0.15,CN1N(C(=O)C=C1C)c2ccccc2,,,,,,
CHEMBL277474,-2.5,CN1N(C(=O)C=C1C)c2ccccc2,,,,,,
CHEMBL413356,2.57,OCCNC1CCN(Cc2ccccc2)CC1,,,,,,
CHEMBL302533,3.6,NC(=O)C(C[C@H](O)[C@H](Cc1ccccc1)NC(=O)c2cnc3ccccc3n2)C4CCC(F)(F)CC4,,,,,,
CHEMBL308473,2,CC(C)(O)CCC(C[C@H](O)[C@H](Cc1cccc(F)c1)NC(=O)c2cnc3ccccc3n2)C(=O)N,,,,,,
CHEMBL1159524,-2.57,O[C@@H]1O[C@@H]([C@@H](O)[C@H](O)[C@H]1O)C(=O)O,,,,,,
CHEMBL152957,4.45,CCCc1nc(C)nc2N(Cc3ccc(cc3)c4ccccc4c5nn[nH]n5)C(=O)CCc12,,,,,,
CHEMBL68145,4.2,NC(=O)C(C[C@H](O)[C@H](Cc1ccccc1)NC(=O)c2cnc3ccccc3n2)C4CCCCC4,,,,,,
CHEMBL141158,-0.2,O=C([C@@H]1CCCN1C(=O)c2cccc(c2)C(=O)N3CCC[C@H]3C(=O)N4CCCC4)N5CCCC5,,,,,,
CHEMBL69123,41,CCNC(=O)C(CCC(C)(C)F)C[C@H](O)[C@H](Cc1ccccc1)NC(=O)c2cnc3ccccc3n2,,,,,,
CHEMBL1093,2.41,CCCNC(C)C(=O)Nc1c(C)csc1C(=O)OC,,,,,,
CHEMBL6666,-1.84,CN(C)C(=O)c1cccc(COc2ccc(cc2Cl)N3C(=NC(=NC3(C)C)N)N)c1,,,,,,
CHEMBL152846,2.34,CCOC(=O)C1=CCCN(C1)C(C)C,,,,,,
CHEMBL138361,0.8,O=C(C1CCCC1)[C@H]2CCCN2C(=O)c3cccc(c3)C(=O)N4CCC[C@H]4C(=O)N5CCC[C@@H]5C#N,,,,,,
CHEMBL138334,0.3,CC(C)C(=O)[C@H]1CCCN1C(=O)c2cccc(c2)C(=O)N3CCC[C@H]3C(=O)N4CCC[C@@H]4C#N,,,,,,
CHEMBL538271,4.8,Br.Br.CCN(CC)CC1CCCN(Cc2ccc(CN3CCCC(CN(CC)CC)C3)cc2)C1,,,,,,
CHEMBL305423,3,CC(C)(F)CCC(C[C@H](O)[C@H](Cc1ccccc1)NC(=O)c2cnc3ccccc3n2)C(=O)NO,,,,,,
CHEMBL418068,2.37,OC(=O)c1cc(O)c2C(=O)c3c(O)cccc3C(=O)c2c1,,,,,,
CHEMBL14041,6.49,Clc1ccc(Cl)c(c1)c2cc(Cl)c(Cl)cc2Cl,,,,,,
CHEMBL423707,-3,OC[C@H]1O[C@H](O)[C@H](O)[C@@H](O)[C@@H]1O,,,,,,
CHEMBL423707,-3.02,OC[C@H]1O[C@H](O)[C@H](O)[C@@H](O)[C@@H]1O,,,,,,
CHEMBL423707,-11.1,OC[C@H]1O[C@H](O)[C@H](O)[C@@H](O)[C@@H]1O,,,,,,
CHEMBL539535,4.516,Br.Br.CCCCN(C)C(=O)C1CCCN(Cc2ccc(CN3CCCC(C3)C(=O)N(C)CCCC)cc2)C1,,,,,,
CHEMBL2070322,4.03,CCOC(=O)C1=C(C)NC(=C(C1c2cccc(O)c2)C(=O)OCC)C,,,,,,
CHEMBL1628034,2.87,CO[C@H]1C[C@@]2(C)[C@@H](C[C@H](F)[C@@]2(O)C#C)[C@@H]3CCc4cc(O)ccc4[C@@H]13,,,,,,
CHEMBL1627371,4.12,CC[C@H]1C[C@@]2(C)[C@@H](C[C@H](F)[C@@]2(O)C#C)[C@@H]3CCc4cc(O)ccc4[C@@H]13,,,,,,
CHEMBL83297,1.56,CN(C)CCN1C(=O)N2c3ccccc3C(=O)c4c(Cl)ccc(C1=O)c24,,,,,,
CHEMBL125822,3.68,COc1cccc2C(=O)c3cccc(OC)c3Cc12,,,,,,
CHEMBL418930,1.7,CN(C)CCN1C(=O)N2c3ccccc3C(=O)c4c(NCCN5CCNCC5)ccc(C1=O)c24,,,,,,
CHEMBL85471,1.28,COc1ccc2N3C(=O)N(CCN(C)C)C(=O)c4ccc(NCCN(C)C)c(C(=O)c2c1)c34,,,,,,
CHEMBL126105,4.06,Oc1cccc2Cc3ccc(C=O)c(O)c3C(=O)c12,,,,,,
CHEMBL125175,3.18,CN(C)C=C1c2cccc(O)c2C(=O)c3c(O)cccc13,,,,,,
CHEMBL125337,4.06,C1c2ccccc2Cc3ccccc13,,,,,,
CHEMBL135,3.26,C[C@]12CC[C@H]3[C@@H](CCc4cc(O)ccc34)[C@@H]1CC[C@@H]2O,,,,,,
CHEMBL1628188,2.35,CO[C@H]1C[C@]2(C)[C@@H](O)[C@@H](F)C[C@H]2[C@@H]3CCc4cc(O)ccc4[C@@H]13,,,,,,
CHEMBL81336,3.5,C[C@@H](Nc1[nH]c(nc2nc(C)c(C)c12)c3ccccc3)c4ccccc4,,,,,,
CHEMBL39632,3.82,CCO\\C(=C/1\\C(C(=C(C)N=C1C)C(=O)OC)c2ccccc2C(F)(F)F)\\O,,,,,,
CHEMBL332779,5.01,Oc1cccc2C(C3c4cccc(O)c4C(=O)c5c(O)cccc35)c6cccc(O)c6C(=O)c12,,,,,,
CHEMBL1627851,4.28,CCC1C[C@@]2(C)[C@@H](CC[C@@]2(O)C#C)[C@@H]3CCc4cc(O)ccc4[C@@H]13,,,,,,
CHEMBL432672,3.98,CC(C)C[C@H](O)[C@H](O)[C@H](CC1CCCCC1)NC(=O)OC(C)(C)C,,,,,,
CHEMBL432951,1.29,CN(C)CCNc1ccc2C(=O)N(CCN(C)C)C(=O)N3c4cc(O)c(O)cc4C(=O)c1c23,,,,,,
CHEMBL83620,2.32,CN(C)CCNc1ccc2C(=O)N(CCN(C)C)C(=O)N3c4ccc(cc4C(=O)c1c23)[N+](=O)[O-],,,,,,
CHEMBL125389,3.88,COc1cccc2Cc3cccc(OC)c3C(=O)c12,,,,,,
CHEMBL37204,4.48,CCO\\C(=C/1\\C(C(=C(C)N=C1C)C(=O)OCC)c2cccc(I)c2)\\O,,,,,,
CHEMBL38777,3.19,CCO\\C(=C/1\\C(C(=C(C)N=C1C)C(=O)OCC)c2ccccc2OC)\\O,,,,,,
CHEMBL126090,3.49,CC(=O)c1ccccc1COc2cccc3Cc4cccc(O)c4C(=O)c23,,,,,,
CHEMBL125762,6.56,CC(=CCc1c(C)cc(O)c2C(=O)c3c(O)cc(O)c(CC=C(C)C)c3Cc12)C,,,,,,
CHEMBL123326,2.4,CC(=O)Oc1cccc2Cc3cccc(OC(=O)C)c3C(=O)c12,,,,,,
CHEMBL125388,4.99,Cc1ccc2Cc3cccc(O)c3C(=O)c2c1O,,,,,,
CHEMBL285708,1.52,CC(C)C[C@H](O)[C@H](O)[C@H](CC1CCCCC1)NC(=O)CN,,,,,,
CHEMBL37723,1.45,CC1=C(C#N)C(C(=C(C)N1)C#N)c2cccc(c2)[N+](=O)[O-],,,,,,
CHEMBL121770,2.02,CC(=O)OC1c2c(Cc3cccc(OC(=O)C)c13)cccc2OC(=O)C,,,,,,
CHEMBL104546,2.97,CCSC1c2cccc(O)c2C(=O)c3c(O)cccc13,,,,,,
CHEMBL125427,4.12,CCCCC(=O)C1c2cccc(O)c2C(=O)c3c(O)cccc13,,,,,,
CHEMBL125942,4.33,Oc1cccc2c1C(=O)c3c(O)cccc3C2(Cc4ccccc4)Cc5ccccc5,,,,,,
CHEMBL38946,3.76,CCO\\C(=C/1\\C(C(=C(C)N=C1C)C(=O)OCC)c2cccc(C)c2)\\O,,,,,,
CHEMBL124440,3.46,O=C1c2ccccc2Cc3ccccc13,,,,,,
CHEMBL338978,4.72,Oc1cccc2Cc3cccc(O)c3C(=N)c12,,,,,,
CHEMBL1627854,3.9,CCC1C[C@]2(C)[C@@H](O)CC[C@H]2[C@@H]3CCc4cc(O)ccc4[C@@H]13,,,,,,
CHEMBL36295,3.61,CC(C)C[C@H](O)[C@H](O)[C@H](CC1CCCCC1)NC(=O)\\C=C\\c2ccccc2,,,,,,
CHEMBL83416,3,CCN(CC)CCNc1ccc2C(=O)N(CCN(C)C)C(=O)N3c4ccccc4C(=O)c1c23,,,,,,
CHEMBL333452,3.51,Oc1cccc2C(=O)c3c(O)cccc3Cc12,,,,,,
CHEMBL339332,3.49,CC(=O)C1c2cccc(O)c2C(=O)c3c(O)cccc13,,,,,,
CHEMBL122022,3.51,Clc1cccc2Cc3cccc(Cl)c3C(=O)c12,,,,,,
CHEMBL279810,1.19,[O-][N+](=O)c1ccc(cc1)n2ccnc2,,,,,,
CHEMBL416046,4.66,CC(C)C[C@H](O)[C@H](O)[C@H](CC1CCCCC1)NC(=O)CCCCCc2ccccc2,,,,,,
CHEMBL544311,1.5,Br.Br.CN(C)CCNc1ccc2C(=O)N(CCN(C)C)C(=O)N3c4ccc(O)cc4C(=O)c1c23,,,,,,
CHEMBL321185,4.5,Oc1cccc2C(Cc3ccccc3)c4cccc(O)c4C(=O)c12,,,,,,
CHEMBL33051,-3,[Cl-].[Cl-].NC(=O)c1cc[n+](COC[n+]2ccccc2\\C=N\\O)cc1,,,,,,
CHEMBL1627362,3.72,CC[C@H]1C[C@]2(C)[C@@H](O)[C@@H](F)C[C@H]2[C@@H]3CCc4cc(O)ccc4[C@@H]13,,,,,,
CHEMBL1628161,3.01,CO[C@H]1C[C@@]2(C)[C@@H](CC[C@@]2(O)C#C)[C@@H]3CCc4cc(O)ccc4[C@@H]13,,,,,,
CHEMBL36294,2.06,CC(C)C[C@H](O)[C@H](O)[C@H](CC1CCCCC1)NC(=O)C[C@@H](NC(=O)OC(C)(C)C)C(=O)O,,,,,,
CHEMBL38922,3.1,CCOC(=O)c1c(C)nc(C)c(C(=O)OCC)c1c2cccc(c2)[N+](=O)[O-],,,,,,
CHEMBL124264,2.46,Nc1cccc2C(=O)c3ccccc3Cc12,,,,,,
CHEMBL553593,1.21,Cl.Cl.CN(C)CCN1C(=O)N2c3ccccc3C(=O)c4c(NCCN)ccc(C1=O)c24,,,,,,
CHEMBL123692,3.19,Oc1ccc2Cc3ccccc3C(=O)c2c1O,,,,,,
CHEMBL123787,2.79,Oc1cccc2C(C=O)c3cccc(O)c3C(=O)c12,,,,,,
CHEMBL104,6.14,Clc1ccccc1C(c2ccccc2)(c3ccccc3)n4ccnc4,,,,,,
CHEMBL82722,0.25,COc1ccc2N3C(=O)N(CCN(C)C)C(=O)c4ccc(NCCNCCO)c(C(=O)c2c1)c34,,,,,,
CHEMBL122386,2.45,Nc1cccc2Cc3ccccc3C(=O)c12,,,,,,
CHEMBL13784,1.93,[O-][N+](=O)c1ccc(Cn2ccnc2)cc1,,,,,,
CHEMBL1627847,2.81,C[C@]12CC[C@H]3[C@@H](CCc4cc(O)ccc34)[C@@H]1C[C@H](F)[C@@H]2O,,,,,,
CHEMBL85087,1.39,COc1cc2N3C(=O)N(CCN(C)C)C(=O)c4ccc(NCCN(C)C)c(C(=O)c2cc1OC)c34,,,,,,
CHEMBL40438,2.51,CCO\\C(=C/1\\C(C(=C(C)N=C1C)C(=O)OC)c2ccccc2[N+](=O)[O-])\\O,,,,,,
CHEMBL125592,3.44,COc1cccc2Cc3cccc(O)c3C(=O)c12,,,,,,
CHEMBL415019,3.37,OCc1cc(O)c2C(=O)c3c(O)cccc3Cc2c1,,,,,,
CHEMBL124241,2.66,Oc1ccccc1C(=O)c2ccccc2O,,,,,,
CHEMBL46469,4.23,Oc1cccc2Cc3cccc(O)c3C(=O)c12,,,,,,
CHEMBL123161,3.99,Oc1cccc2Cc3ccccc3C(=O)c12,,,,,,
CHEMBL1627374,3.3,C[C@]12CC[C@H]3[C@@H](CCc4cc(O)ccc34)[C@@H]1C[C@H](F)[C@@]2(O)C#C,,,,,,
CHEMBL35107,1.86,CC(C)C[C@H](O)[C@H](O)[C@@H](N)CC1CCCCC1,,,,,,
CHEMBL40387,4.7,CCO\\C(=C/1\\C(C(=C(C)N=C1C)C(=O)OCC)c2ccc(I)cc2)\\O,,,,,,
CHEMBL122196,4.8,Cc1cc(O)c2C(=O)c3c(O)cccc3Cc2c1,,,,,,
CHEMBL82952,2.02,CN(C)CCNc1ccc2C(=O)NC(=O)N3c4ccccc4C(=O)c1c23,,,,,,
CHEMBL274056,3.7,Oc1ccc(O)c2C(=O)C=CC(=O)c12,,,,,,
CHEMBL86287,1.94,CN(C)CCNc1ccc2C(=O)N(CCN(C)C)C(=O)N3c4ccccc4C(=O)c1c23,,,,,,
CHEMBL84219,1.12,CN(C)CCN(C)c1ccc2C(=O)N(CCN(C)C)C(=O)N3c4ccccc4C(=O)c1c23,,,,,,
CHEMBL421615,2.96,OC(=O)c1cc(O)c2C(=O)c3c(O)cccc3Cc2c1,,,,,,
CHEMBL106514,4.87,Oc1cccc2C(SCc3ccccc3)c4cccc(O)c4C(=O)c12,,,,,,
CHEMBL23832,3.08,OC(=O)c1ccccc1Nc2ccccc2,,,,,,
CHEMBL125502,5.89,CCCCc1ccc2Cc3cccc(O)c3C(=O)c2c1O,,,,,,
CHEMBL126813,8.01,CC(=CCc1c(C)c(CC=C(C)C)c2Cc3c(CC=C(C)C)c(O)cc(O)c3C(=O)c2c1O)C,,,,,,
CHEMBL193,2.06,COC(=O)C1=C(C)NC(=C(C1c2ccccc2[N+](=O)[O-])C(=O)OC)C,,,,,,
CHEMBL123148,2.6,COc1cccc2C(=O)c3cccc(O)c3Cc12,,,,,,
CHEMBL125254,4.37,CCC1c2cccc(O)c2C(=O)c3c(O)cccc13,,,,,,
CHEMBL123724,3.81,Oc1cccc2C(C(=O)c3ccccc3)c4cccc(O)c4C(=O)c12,,,,,,
CHEMBL85039,0.91,CN(C)CCN1C(=O)N2c3ccccc3C(=O)c4c(NCCNCCO)ccc(C1=O)c24,,,,,,
CHEMBL83128,0.47,CN(C)CCN1C(=O)N2c3ccc(O)cc3C(=O)c4c(NCCNCCO)ccc(C1=O)c24,,,,,,
CHEMBL126057,4.59,CCC(=O)c1ccc2Cc3cccc(O)c3C(=O)c2c1O,,,,,,
CHEMBL273643,3.96,COC1c2cccc(O)c2C(=O)c3c(O)cccc13,,,,,,
CHEMBL287902,3.22,CCO\\C(=C/1\\C(C(=C(C)N=C1C)C(=O)OCC)c2cccc(OC)c2)\\O,,,,,,
CHEMBL691,3.42,C[C@]12CC[C@H]3[C@@H](CCc4cc(O)ccc34)[C@@H]1CC[C@@]2(O)C#C,,,,,,
CHEMBL53418,4.16,Oc1cccc2C(=O)c3cccc(O)c3C(=O)c12,,,,,,
CHEMBL91,5.84,Clc1ccc(COC(Cn2ccnc2)c3ccc(Cl)cc3Cl)c(Cl)c1,,,,,,
CHEMBL421625,3.99,Oc1cccc2Cc3cccc(C(=O)c4ccccc4)c3C(=O)c12,,,,,,
CHEMBL125328,4.1,COC1c2c(Cc3cccc(OC)c13)cccc2OC,,,,,,
CHEMBL127993,3.94,Oc1cccc2C(Br)c3cccc(O)c3C(=O)c12,,,,,,
CHEMBL125821,5.05,Clc1cccc2C(=O)c3cccc(Cl)c3Cc12,,,,,,
CHEMBL85377,2.27,CN(C)CCCNc1ccc2C(=O)N(CCN(C)C)C(=O)N3c4ccccc4C(=O)c1c23,,,,,,
CHEMBL125765,3.25,CC(=O)Oc1cccc2Cc3cccc(O)c3C(=O)c12,,,,,,
CHEMBL368703,2.72,CO[C@H]1C[C@]2(C)[C@@H](O)CC[C@H]2[C@@H]3CCc4cc(O)ccc4[C@@H]13,,,,,,
CHEMBL553744,0.67,Cl.Cl.Cl.CN(C)CCNc1ccc2C(=O)N(CCN(C)C)C(=O)N3c4ccc(N)cc4C(=O)c1c23,,,,,,
CHEMBL38719,3.9,CCO\\C(=C/1\\C(C(=C(C)N=C1C)C(=O)OC)c2cccc(c2)C(F)(F)F)\\O,,,,,,
CHEMBL124951,2.17,Oc1cccc2C(=O)c3cccc(O)c3Cc12,,,,,,
CHEMBL126056,3.16,Oc1cccc2Cc3ccc(C#N)c(O)c3C(=O)c12,,,,,,
CHEMBL123886,2.91,OC1c2cccc(O)c2C(=O)c3c(O)cccc13,,,,,,
CHEMBL121693,3.81,Oc1ccc2C(=O)c3ccccc3Cc2c1O,,,,,,
CHEMBL123271,4.54,COC(=O)c1cc(O)c2C(=O)c3c(O)cccc3Cc2c1,,,,,,
CHEMBL122192,3.9,Cc1cc(O)c2C(=O)c3c(O)cc(O)cc3Cc2c1,,,,,,
CHEMBL418426,3.6,CCO\\C(=C/1\\C(C(=C(C)N=C1C)C(=O)OC)c2ccc(cc2)[N+](=O)[O-])\\O,,,,,,
CHEMBL122447,5.73,O=C1c2cccc(OCc3ccccc3)c2Cc4c(OCc5ccccc5)cccc14,,,,,,
CHEMBL412821,4.25,Oc1cccc2C(OCc3ccccc3)c4cccc(O)c4C(=O)c12,,,,,,
CHEMBL2051937,2.73,ClCCN(N=O)C(=O)N[C@@H]1CCCC[C@@H]1Cl,,,,,,
CHEMBL2051944,3.3,C[C@@H]1CC[C@@H](CC1)NC(=O)N(CCCl)N=O,,,,,,
CHEMBL2051938,2.09,CO[C@@H]1CC[C@H](CC1)NC(=O)N(CCCl)N=O,,,,,,
CHEMBL514,2.83,ClCCN(N=O)C(=O)NC1CCCCC1,,,,,,
CHEMBL2094020,-0.66,OC[C@H]1OC(O)[C@H](NC(=O)N(CCCl)N=O)[C@@H](O)[C@@H]1O,,,,,,
CHEMBL277474,0.56,CN1N(C(=O)C=C1C)c2ccccc2,,,,,,
CHEMBL12519,1.54,FCCN(N=O)C(=O)NC1CSCSC1,,,,,,
CHEMBL12922,1.82,OC(=O)C1(CCCC1)NC(=O)N(CCCl)N=O,,,,,,
CHEMBL418533,0.8,COCC1OC(O)C(NC(=O)N(CCCl)N=O)C(OC)C1OC,,,,,,
CHEMBL2051750,3.37,C[C@H]1CCC[C@H](C1)NC(=O)N(CCCl)N=O,,,,,,
CHEMBL12919,2.2,CCOC(=O)C1CCC(CC1)NC(=O)N(CCCl)N=O,,,,,,
CHEMBL2051745,1.34,O[C@@H]1CCCC[C@H]1NC(=O)N(CCCl)N=O,,,,,,
CHEMBL13072,2.25,FCCN(N=O)C(=O)NC1CCCCC1,,,,,,
CHEMBL268495,2.98,ClCCN(N=O)C(=O)NC1CC2CCC1C2,,,,,,
CHEMBL297432,0.056,COC(=O)\\C=C\\C(=O)c1cccnc1,,,,,,
CHEMBL12805,2.88,CCOC(=O)C1(CCCC1)NC(=O)N(CCCl)N=O,,,,,,
CHEMBL273958,2.33,FCCN(N=O)C(=O)NC1CCSc2ccccc12,,,,,,
CHEMBL274218,0.69,CC1CC(O)C(NC(=O)N(CCCl)N=O)C(O)C1,,,,,,
CHEMBL418159,1.33,CC(=O)OC1CCC(CC1)NC(=O)N(CCF)N=O,,,,,,
CHEMBL2051748,-0.53,C[C@@H]1S(=O)(=O)C[C@H](CS1(=O)=O)NC(=O)N(CCCl)N=O,,,,,,
CHEMBL430916,4.4,CC[C@@]1(CC(=O)O)OC[C@H](Cc2ccccc2)c3c1[nH]c4ccccc34,,,,,,
CHEMBL622,3.5,CCc1cccc2c3CCOC(CC)(CC(=O)O)c3[nH]c12,,,,,,
CHEMBL324489,2.6,CN1CCN(CC1)C(=O)c2ccc3[nH]c(cc3c2)c4cc5ccccc5nc4O,,,,,,
CHEMBL12667,3.11,Cc1cc(C)c(NC(=O)N(CCCl)N=O)c(C)c1,,,,,,
CHEMBL2051941,1.77,C[C@H]1CCC[C@@H](C1)NC(=O)N(CCCl)N=O,,,,,,
CHEMBL274411,-1.48,FCCN(N=O)C(=O)NC1CS(=O)(=O)CS(=O)(=O)C1,,,,,,
CHEMBL276848,2.66,ClCCN(N=O)C(=O)NC1CCC(Cl)CC1,,,,,,
CHEMBL12267,0.95,FCCNC(=O)N(CCCl)N=O,,,,,,
CHEMBL275300,4.06,CC1CC(CC(C)(C)C1)NC(=O)N(CCCl)N=O,,,,,,
CHEMBL12637,1.66,CC(=O)OC1CCC(CC1)NC(=O)N(CCCl)N=O,,,,,,
CHEMBL513,1.53,ClCCNC(=O)N(CCCl)N=O,,,,,,
CHEMBL435966,0.07,[O-][N+](=O)c1cncn1CCN2CCOCC2,,,,,,
CHEMBL329350,4,COc1ccc(cc1)c2cnc3c(cnn3c2)c4ccncc4,,,,,,
CHEMBL12792,2.4,FCCN(N=O)C(=O)NC1CC2CCC1C2,,,,,,
CHEMBL12200,0.37,ClCCN(N=O)C(=O)NC1CCC(=O)NC1=O,,,,,,
CHEMBL273416,0.37,CN(C)C(=O)c1ccc(NC(=O)N(CCCl)N=O)cc1,,,,,,
CHEMBL267308,2.7,CC1(CCCC1)NC(=O)N(CCCl)N=O,,,,,,
CHEMBL12807,1.87,CC(=O)OCC1OCC(NC(=O)N(CCCl)N=O)C(OC(=O)C)C1OC(=O)C,,,,,,
CHEMBL440683,6.3,CCc1cccc2c3[C@@H](CC=C)CCC(CC)(CC(=O)O)c3[nH]c12,,,,,,
CHEMBL73938,4,CCC1(CC(=O)O)OC[C@H](CC=C)c2c1[nH]c3c(C)cccc23,,,,,,
CHEMBL12687,3.45,CCOC(=O)C1(CCCCC1)NC(=O)N(CCCl)N=O,,,,,,
CHEMBL12470,2.91,ClCCN(N=O)C(=O)NC1CCSc2ccccc12,,,,,,
CHEMBL12424,3.62,ClCCN(N=O)C(=O)NC1C2CC3CC(CC1C3)C2,,,,,,
CHEMBL288984,2.44,C\\C(=C/C(=O)O)\\C(=O)c1ccccc1,,,,,,
CHEMBL108,2.45,NC(=O)N1c2ccccc2C=Cc3ccccc13,,,,,,
CHEMBL13016,3.13,CC1(C)CCC(CC1)NC(=O)N(CCF)N=O,,,,,,
CHEMBL430111,2.19,C\\C(=C\\C(=O)c1ccc(C)cc1)\\C(=O)O,,,,,,
CHEMBL305523,4.5,CCc1cccc2c3[C@@H](CC=C)COC(CC)(CC(=O)O)c3[nH]c12,,,,,,
CHEMBL12563,0.38,FCCNC(=O)N(CCF)N=O,,,,,,
CHEMBL13121,5.22,FCCN(N=O)C(=O)NC1CCCCCCCCCCC1,,,,,,
CHEMBL13005,2.72,CC1CCC(CC1)NC(=O)N(CCF)N=O,,,,,,
CHEMBL1999834,2.16,OC(=O)C[C@@H]1CC[C@H](CC1)NC(=O)N(CCCl)N=O,,,,,,
CHEMBL45057,2.4,CCCCCCCC(=O)\\C(=C(\\C)/C(=O)O)\\C,,,,,,
CHEMBL118748,0.9,OC(=O)C1CCN(CCCOc2ccc3[nH]c(cc3c2)c4cc5ccccc5nc4O)CC1,,,,,,
CHEMBL12682,1.85,ClCCN(N=O)C(=O)NC1CCC(COC=O)CC1,,,,,,
CHEMBL2051943,-0.53,C[C@@H]1S(=O)(=O)C[C@@H](CS1(=O)=O)NC(=O)N(CCCl)N=O,,,,,,
CHEMBL12232,3.55,CCCCCC(C)NC(=O)N(CCCl)N=O,,,,,,
CHEMBL71280,6.2,CCC1(CC(=O)O)CC[C@H](Cc2ccccc2)c3c1[nH]c4ccccc34,,,,,,
CHEMBL67817,5.2,CCC1(CC(=O)O)CC[C@H](CC=C)c2c1[nH]c3ccccc23,,,,,,
CHEMBL119552,1.7,Oc1nc2ccccc2cc1c3cc4cc(ccc4[nH]3)C(=O)N5CCNCC5,,,,,,
CHEMBL12415,5.8,ClCCN(N=O)C(=O)NC1CCCCCCCCCCC1,,,,,,
CHEMBL12827,4.66,CC(C)(C)C1CCC(CC1)NC(=O)N(CCCl)N=O,,,,,,
CHEMBL12509,1.43,FCCN(N=O)C(=O)NC1CCSCC1,,,,,,
CHEMBL135000,0.9,CO\\C(=N\\CCn1c(C)ncc1[N+](=O)[O-])\\S,,,,,,
CHEMBL12856,2.66,NC1=CC(=CNC1=O)c2ccncc2,,,,,,
CHEMBL118832,2.3,Oc1nc2ccccc2cc1c3cc4cc(ccc4[nH]3)S(=O)(=O)N5CCNCC5,,,,,,
CHEMBL268496,2.19,ClCCN(N=O)C(=O)NC1CCCC1,,,,,,
CHEMBL274338,4.6,CC(C)(C)C1CCCC(C1)NC(=O)N(CCCl)N=O,,,,,,
CHEMBL274412,2.59,OC(=O)C(Cc1ccccc1)NC(=O)N(CCCl)N=O,,,,,,
CHEMBL2051946,1.11,O[C@H]1CCC[C@H](C1)NC(=O)N(CCCl)N=O,,,,,,
CHEMBL1967746,3.3,C[C@@H]1CC[C@H](CC1)NC(=O)N(CCCl)N=O,,,,,,
CHEMBL1990387,1.53,OC(=O)[C@@H]1CC[C@H](CC1)NC(=O)N(CCCl)N=O,,,,,,
CHEMBL12553,2.35,CC(=O)OCC1CCC(CC1)NC(=O)N(CCCl)N=O,,,,,,
CHEMBL274622,1.77,CC(=O)OCC1CCC(CC1)NC(=O)N(CCF)N=O,,,,,,
CHEMBL991,-0.77,CC1=CN([C@@H]2O[C@H](CO)C=C2)C(=O)NC1=O,,,,,,
CHEMBL35,2.53,NS(=O)(=O)c1cc(C(=O)O)c(NCc2occc2)cc1Cl,,,,,,
CHEMBL11928,0.19,ClCCN(N=O)C(=O)NC1CCS(=O)(=O)CC1,,,,,,
CHEMBL1964420,1.68,OC(=O)[C@@H]1CC[C@@H](CC1)NC(=O)N(CCCl)N=O,,,,,,
CHEMBL2051751,1.1,OC(=O)[C@@H]1CC[C@@H](CC1)NC(=O)N(CCF)N=O,,,,,,
CHEMBL46674,2.94,C\\C(=C/C(=O)O)\\C(=O)c1ccc(C)cc1,,,,,,
CHEMBL267546,3.04,FCCN(N=O)C(=O)NC1C2CC3CC(CC1C3)C2,,,,,,
CHEMBL2051945,1.75,O[C@H]1CCCC[C@H]1NC(=O)N(CCCl)N=O,,,,,,
CHEMBL12409,6.07,ClCCN(N=O)C(=O)NC1CCC(CC2CCC(CC2)NC(=O)N(CCCl)N=O)CC1,,,,,,
CHEMBL2051747,2.09,CO[C@@H]1CC[C@@H](CC1)NC(=O)N(CCCl)N=O,,,,,,
CHEMBL333297,3.7,Oc1nc2ccccc2cc1c3cc4cc(OCCN5CCCCC5)ccc4[nH]3,,,,,,
CHEMBL274417,2.07,ClCCN(N=O)C(=O)NC1CCSCC1,,,,,,
CHEMBL275279,2.67,ClCCN(N=O)C(=O)NC1CCC(Br)CC1,,,,,,
CHEMBL266629,2.49,CC1SCC(CS1)NC(=O)N(CCCl)N=O,,,,,,
CHEMBL58835,3.82,c1ccc(cc1)N=Nc2ccccc2,,,,,,
CHEMBL45009,1.49,COC(=O)\\C=C/C(=O)c1ccccc1,,,,,,
CHEMBL68102,5.8,CCC1(CC(=O)O)CC[C@H](CC=C)c2c1[nH]c3c(C)cccc23,,,,,,
CHEMBL344389,0.55,CC1=CN([C@@H]2O[C@H](CO)c3ccccc23)C(=O)NC1=O,,,,,,
CHEMBL267575,3.57,ClCCN(N=O)C(=O)NC1CCCCC1NC(=O)N(CCCl)N=O,,,,,,
CHEMBL274809,3.84,CCC1CCC(CC1)NC(=O)N(CCCl)N=O,,,,,,
CHEMBL290299,-0.38,Cn1c(COC(=O)N)ncc1[N+](=O)[O-],,,,,,
CHEMBL148306,2.07,COCCc1ccc(OC[C@@H](O)CNC(C)C)cc1,,,,,,
CHEMBL118569,3.1,COCCN(C)CCOc1ccc2[nH]c(cc2c1)c3cc4ccccc4nc3O,,,,,,
CHEMBL12701,3.62,ClCCN(N=O)C(=O)NC12CC3CC(CC(C3)C1)C2,,,,,,
CHEMBL12923,0.91,CC(C)(NC(=O)N(CCCl)N=O)C(=O)O,,,,,,
CHEMBL2311097,0.82,CC(=O)O[C@@H]1CO[C@@H](NC(=O)N(CCCl)N=O)[C@H](OC(=O)C)[C@H]1OC(=O)C,,,,,,
CHEMBL12565,0.16,OC1CCCC(O)C1NC(=O)N(CCCl)N=O,,,,,,
CHEMBL12895,2.2,CCOC(=O)C1CCCC(C1)NC(=O)N(CCCl)N=O,,,,,,
CHEMBL45228,4.4,CCCCCCCCCCCC(=O)\\C(=C(\\C)/C(=O)O)\\C,,,,,,
CHEMBL69081,6.9,CCCc1cccc2c3[C@@H](CC=C)CCC(CC)(CC(=O)O)c3[nH]c12,,,,,,
CHEMBL71675,5.6,CCc1cccc2c3[C@@H](Cc4ccccc4)COC(CC)(CC(=O)O)c3[nH]c12,,,,,,
CHEMBL24,0.18,CC(C)NCC(O)COc1ccc(CC(=O)N)cc1,,,,,,
CHEMBL273983,1.86,OC(=O)C1CCCC(C1)NC(=O)N(CCCl)N=O,,,,,,
CHEMBL1995873,2.22,OC(=O)C[C@@H]1CC[C@@H](CC1)NC(=O)N(CCCl)N=O,,,,,,
CHEMBL1970179,1.11,O[C@@H]1CC[C@@H](CC1)NC(=O)N(CCCl)N=O,,,,,,
CHEMBL44850,1.69,C\\C(=C\\C(=O)O)\\C(=O)c1ccccc1,,,,,,
CHEMBL71567,3.3,CCC1(CC(=O)O)OC[C@H](CC=C)c2c1[nH]c3ccccc23,,,,,,
CHEMBL75435,3.37,C[C@H](C(=O)O)c1cccc(c1)C(=O)c2ccccc2,,,,,,
CHEMBL1994739,3.96,Cl.COc1ccc(CCN(C)CCC[C@@](C#N)(C(C)C)c2ccc(OC)c(OC)c2)cc1OC,,,,,,
CHEMBL275994,2.74,ClCCN(N=O)C(=O)NC1CCCC(C1)NC(=O)N(CCCl)N=O,,,,,,
CHEMBL2051942,1.1,OC(=O)[C@@H]1CC[C@H](CC1)NC(=O)N(CCF)N=O,,,,,,
CHEMBL1760,-0.09,CC(C)(C)NCC(O)c1cc(O)cc(O)c1,,,,,,
CHEMBL274127,2.45,ClCCN(N=O)C(=O)NC1CCCC=C1,,,,,,
CHEMBL12577,3.57,ClCCN(N=O)C(=O)NC1CCC(CC1)NC(=O)N(CCCl)N=O,,,,,,
CHEMBL56475,2.91,Oc1ccc(I)cc1,,,,,,
CHEMBL134920,0.85,Cn1c(\\C=C\\c2ccnc(N)n2)ncc1[N+](=O)[O-],,,,,,
CHEMBL43829,3.9,OC(=O)\\C=C\\C(=O)c1ccc(cc1)c2ccccc2,,,,,,
CHEMBL1671,3.43,Cl.CC(C)NCC(O)COc1cccc2ccccc12,,,,,,
CHEMBL12837,2.41,FCCN(N=O)C(=O)NC1CCC(CC1)NC(=O)N(CCCl)N=O,,,,,,
CHEMBL12435,0.5,CC(NC(=O)N(CCCl)N=O)C(=O)O,,,,,,
CHEMBL1220,-0.36,CCS(=O)(=O)CCn1c(C)ncc1[N+](=O)[O-],,,,,,
CHEMBL295157,2.19,C\\C(=C\\C(=O)O)\\C(=O)c1ccc(C)cc1,,,,,,
CHEMBL417744,5.3,CCc1cccc2c3CCCC(CC)(CC(=O)O)c3[nH]c12,,,,,,
CHEMBL1082,-1.71,CC1(C)S[C@@H]2[C@H](NC(=O)[C@H](N)c3ccc(O)cc3)C(=O)N2[C@H]1C(=O)O,,,,,,
CHEMBL154,3.58,COc1ccc2cc(ccc2c1)[C@H](C)C(=O)O,,,,,,
CHEMBL12796,3.19,CN(C1CCCCC1)C(=O)N(CC\\C=N\\C(=O)N(CCCl)N=O)N=O,,,,,,
CHEMBL12819,3.67,CC(C)C1CCC(CC1)NC(=O)N(CCF)N=O,,,,,,
CHEMBL2051940,1.1,O[C@@H]1CC[C@H](CC1)NC(=O)N(CCCl)N=O,,,,,,
CHEMBL2051744,1,O[C@@H]1CCC[C@H](C1)NC(=O)N(CCCl)N=O,,,,,,
CHEMBL307299,6.9,CCC1(CC(=O)O)CC[C@H](Cc2ccccc2)c3c1[nH]c4c(C)cccc34,,,,,,
CHEMBL119276,3.2,CC(=O)N1CCN(CCOc2ccc3[nH]c(cc3c2)c4cc5ccccc5nc4O)CC1,,,,,,
CHEMBL11976,3.42,CC(C)(Cc1ccccc1)NC(=O)N(CCCl)N=O,,,,,,
CHEMBL12121,-0.39,FCCN(N=O)C(=O)NC1CCS(=O)(=O)CC1,,,,,,
CHEMBL273940,0.57,ClCCN(N=O)C(=O)NC1CCS(=O)(=O)C1,,,,,,
CHEMBL2051749,2.56,CC(=O)O[C@H]1CCCC[C@@H]1NC(=O)N(CCCl)N=O,,,,,,
CHEMBL12684,3.01,ClCCN(N=O)C(=O)NC1CCC(CCl)CC1,,,,,,
CHEMBL297461,0.9,CCCCC(=O)\\C(=C(\\C)/C(=O)O)\\C,,,,,,
CHEMBL44427,2.74,COC(=O)\\C=C\\C(=O)c1ccc(C)cc1,,,,,,
CHEMBL1009,-2,N[C@@H](Cc1ccc(O)c(O)c1)C(=O)O,,,,,,
CHEMBL12651,2.89,OC(=O)C(NC(=O)N(CCCl)N=O)C1CCCCC1,,,,,,
CHEMBL305619,7.4,CCc1cccc2c3[C@@H](Cc4ccccc4)CCC(CC)(CC(=O)O)c3[nH]c12,,,,,,
CHEMBL296423,2.24,COC(=O)\\C=C\\C(=O)c1ccccc1,,,,,,
CHEMBL92279,2.5,c1cc(ccn1)c2cnc3c(cnn3c2)c4ccncc4,,,,,,
CHEMBL459,-2,C[C@](N)(Cc1ccc(O)c(O)c1)C(=O)O,,,,,,
CHEMBL12689,2.08,ClCCN(N=O)C(=O)NC1CSCSC1,,,,,,
CHEMBL12596,-0.9,ClCCN(N=O)C(=O)NC1CS(=O)(=O)CS(=O)(=O)C1,,,,,,
CHEMBL2051939,1.89,COC(=O)[C@@H]1CC[C@H](CC1)NC(=O)N(CCCl)N=O,,,,,,
CHEMBL2051746,1.89,COC(=O)[C@@H]1CC[C@@H](CC1)NC(=O)N(CCCl)N=O,,,,,,
CHEMBL45282,2.94,C\\C(=C/C(=O)c1ccc(C)cc1)\\C(=O)O,,,,,,
CHEMBL79982,3.82,Oc1ccc(C(=O)c2ccccc2)c(n1)c3ccccc3,,,,,,
CHEMBL189,2.89,CC1=C(C=C(C#N)C(=O)N1)c2ccncc2,,,,,,
CHEMBL333442,4.17,[Na+].CC(C)n1c(\\C=C\\[C@@H](O)C[C@@H](O)CC(=O)[O-])c(c2ccc(F)cc2)c3ccccc13,,,,,,
CHEMBL117983,3,CN1CCN(CC1)S(=O)(=O)c2ccc3[nH]c(cc3c2)c4cc5ccccc5nc4O,,,,,,
CHEMBL1449676,0.6,Cc1ncc([N+](=O)[O-])n1CC(O)CCl,,,,,,
CHEMBL92461,4,COc1ccc(cc1)c2cnc3c(cnn3c2)c4ccsc4,,,,,,
CHEMBL435,0.17,NS(=O)(=O)c1cc2c(NCNS2(=O)=O)cc1Cl,,,,,,
CHEMBL577,-0.13,C[C@H](N[C@@H](CCc1ccccc1)C(=O)O)C(=O)N2CCC[C@H]2C(=O)O,,,,,,
CHEMBL11985,5.575,CC12CC3(C)CC(C)(C1)CC(C3)(C2)NC(=O)N(CCCl)N=O,,,,,,
CHEMBL417796,0.6,OC(=O)CCC(NC(=O)N(CCCl)N=O)C(=O)O,,,,,,
CHEMBL2094020,-1.02,OC[C@H]1OC(O)[C@H](NC(=O)N(CCCl)N=O)[C@@H](O)[C@@H]1O,,,,,,
CHEMBL2051947,1.96,CC(=O)O[C@H]1CCCC[C@H]1NC(=O)N(CCCl)N=O,,,,,,
CHEMBL428358,1.32,CC1OC(OC(=O)C)C(NC(=O)N(CCCl)N=O)C(OC(=O)C)C1OC(=O)C,,,,,,
CHEMBL59019,2.29,CC(=O)Nc1ccc(Br)cc1,,,,,,
CHEMBL1696,4.54,Cl.CNCCCN1c2ccccc2CCc3ccccc13,,,,,,
CHEMBL1696,1.05,Cl.CNCCCN1c2ccccc2CCc3ccccc13,,,,,,
CHEMBL12885,2.57,Cc1cccc(C)c1NC(=O)N(CCCl)N=O,,,,,,
CHEMBL274792,3.26,CCC1CCC(CC1)NC(=O)N(CCF)N=O,,,,,,
CHEMBL2001752,2.73,ClCCN(N=O)C(=O)N[C@H]1CCCC[C@@H]1Cl,,,,,,
CHEMBL44664,2.44,Cc1ccc(cc1)C(=O)\\C=C\\C(=O)O,,,,,,
CHEMBL72377,5,CCC1(CC(=O)O)OC[C@H](Cc2ccccc2)c3c1[nH]c4c(C)cccc34,,,,,,
CHEMBL102747,-0.966,CC(=O)Nc1ccc(cc1)S(=O)(=O)N2[C@@H]3COCOC[C@H]23,,,,,,
CHEMBL2115546,1.4,OC(=O)[C@H]1Cc2c(CCP(=O)(O)O)cccc2CN1,,,,,,
CHEMBL21799,3.19,CCc1nc(N)nc(N)c1c2ccc(Cl)c(Cl)c2,,,,,,
CHEMBL323513,-0.1762,COc1ccc(cc1)S(=O)(=O)N2[C@@H]3COCOC[C@H]23,,,,,,
CHEMBL289230,5.8,CC(C)C(CC(=O)OC[C@H](CO)OC(=O)CC(C(C)C)C(C)C)C(C)C,,,,,,
CHEMBL38644,5.7,CC(C)C(CC(=O)OC[C@H](CO)OC(=O)C=C(C(C)C)C(C)C)C(C)C,,,,,,
CHEMBL39273,0.45,COCCC1CN(NC1=O)c2ccc(OC)cc2,,,,,,
CHEMBL514,2.83,ClCCN(N=O)C(=O)NC1CCCCC1,,,,,,
CHEMBL131435,1.508,CC(=O)c1ccc(s1)C2=NN(CCn3ccnc3)C(=O)c4ccccc24,,,,,,
CHEMBL131225,3.165,CCc1ccc(cc1)C2=NN(CCn3ccnc3)C(=O)c4ccccc24,,,,,,
CHEMBL54157,2.36,CN1CCC(=CC1)n2nnc3ccccc23,,,,,,
CHEMBL43625,1.03,COCCC1CN(NC1=O)c2ccc(C)cc2,,,,,,
CHEMBL1159639,2.07,C[C@H]1O[C@H](Oc2cccc3c(O)c4C(=O)Oc5ccc(C)c6C(=O)Oc(c4c56)c23)[C@H](O)[C@@H](O)[C@H]1O,,,,,,
CHEMBL339814,2.137,O=C1N(CCn2ccnc2)N=C(c3ccccc3)c4ccccc14,,,,,,
CHEMBL131421,2.696,CSc1ccc(cc1)C2=NN(CCn3ccnc3)C(=O)c4ccccc24,,,,,,
CHEMBL431315,-0.14,COCCC1CN(NC1=O)c2ccc(O)cc2,,,,,,
CHEMBL54927,2.54,CN1CCC(=CC1)n2cnc3ccccc23,,,,,,
CHEMBL23330,0.14,NC(=O)c1cc(N2CC2)c(cc1[N+](=O)[O-])[N+](=O)[O-],,,,,,
CHEMBL323252,-1.05,[O-][N+](=O)c1cc(c(cc1N2CC2)C(=O)NCCCN3CCOCC3)[N+](=O)[O-],,,,,,
CHEMBL113291,0.7,NC(=O)c1cc(ccc1[N+](=O)[O-])N2CC2,,,,,,
CHEMBL20883,-0.48,FC1=CN(C2CCCO2)C(=O)NC1=O,,,,,,
CHEMBL39154,0.891,COCC1CN(NC1=O)c2ccccc2,,,,,,
CHEMBL24241,1.35,FCS(=O)(=O)Nc1ccccc1,,,,,,
CHEMBL33174,1.84,COC[C@H]1CN(C(=O)O1)c2ccc(OCCCCO)cc2,,,,,,
CHEMBL130448,3.021,CCc1ccc(s1)C2=NN(CCn3ccnc3)C(=O)c4ccccc24,,,,,,
CHEMBL340283,0.87,O=C1N(CCn2ccnc2)N=C(c3ccccn3)c4ccccc14,,,,,,
CHEMBL422778,0.5401,Clc1ccc(cc1)S(=O)(=O)N2[C@@H]3COCOC[C@H]23,,,,,,
CHEMBL109795,-0.3,CS(=O)(=O)c1cc(c(cc1N2CC2)C(=O)N)[N+](=O)[O-],,,,,,
CHEMBL38795,1.949,CCCOCC1CN(NC1=O)c2ccccc2,,,,,,
CHEMBL291227,0.53,COCCC1CN(NC1=O)c2ccccc2,,,,,,
CHEMBL137840,0.9,O=C(COC(=O)c1ccccc1)N(N2CCOCC2)N3CCOCC3,,,,,,
CHEMBL33260,2.27,COC[C@H]1CN(C(=O)O1)c2ccc(OCCCC(C)O)cc2,,,,,,
CHEMBL69663,5.25,CCCCCCCCCCNC(=O)NC12CC3CC(CC(C3)C1)C2,,,,,,
CHEMBL432525,0.18,COC(=O)CCCNC(=O)NC12CC3CC(CC(C3)C1)C2,,,,,,
CHEMBL112126,-0.41,CS(=O)(=O)c1cc(c(cc1C(=O)N)N2CC2)[N+](=O)[O-],,,,,,
CHEMBL324103,0.34,NC(=O)c1cc(cc(c1N2CC2)[N+](=O)[O-])[N+](=O)[O-],,,,,,
CHEMBL351033,-2.46,CCS(=O)(=O)O.Cc1cc(ccc1OCc2cccc(c2)C(=O)N)N3C(=NC(=NC3(C)C)N)N,,,,,,
CHEMBL138331,1.95,O=C(COC(=O)c1ccccc1)N(N2CCCCC2)N3CCCCC3,,,,,,
CHEMBL33295,2.7,COC[C@H]1CN(C(=O)O1)c2ccc(OCC[C@@H](C)OC)cc2,,,,,,
CHEMBL33380,1.37,COC[C@H]1CN(C(=O)O1)c2ccc(OCCC(=O)C)cc2,,,,,,
CHEMBL104976,0.835,Brc1ccc(cc1)S(=O)(=O)N2[C@@H]3COCOC[C@H]23,,,,,,
CHEMBL103973,2.344,CC(=O)Nc1ccc(cc1)S(=O)(=O)N2C3COC(C)(C)OCC23,,,,,,
CHEMBL446154,-0.26,CN(CCN1CCOCC1)C(=O)c2cc(N3CC3)c(cc2[N+](=O)[O-])[N+](=O)[O-],,,,,,
CHEMBL113849,-0.17,NC(=O)c1c(ccc(N2CC2)c1[N+](=O)[O-])[N+](=O)[O-],,,,,,
CHEMBL41638,1.089,COCCC1CCN(NC1=O)c2ccccc2,,,,,,
CHEMBL357032,4.19,Cc1ccc2OC(=O)c3c(O)c4cccc(O)c4c5OC(=O)c1c2c35,,,,,,
CHEMBL33508,0.77,COC[C@H]1CN(C(=O)O1)c2ccc(OCCO)cc2,,,,,,
CHEMBL131586,0.66,O=C1N(CCn2ccnc2)N=C(c3cccnc3)c4ccccc14,,,,,,
CHEMBL130965,0.538,CC1=NN(CCn2ccnc2)C(=O)c3ccccc13,,,,,,
CHEMBL295426,3.2,CC(C)C(CC(=O)OCC1(CO)CC(=C(C)C)C(=O)O1)C(C)C,,,,,,
CHEMBL36908,3.632,O=C1NN(CC1SCc2ccccc2)c3ccccc3,,,,,,
CHEMBL40105,1.41,COCC1(C)CN(NC1=O)c2ccccc2,,,,,,
CHEMBL417166,1.96,COCCC1CN(NC1=O)c2ccc(Cl)c(Cl)c2,,,,,,
CHEMBL43182,2.22,COCCC1CN(NC1=O)c2ccc(OCc3ccccc3)cc2,,,,,,
CHEMBL132117,3.188,O=C1N(CCn2ccnc2)N=C(C3CCCCC3)c4ccccc14,,,,,,
CHEMBL54302,3.61,CN1CCC(=CC1)n2ccc3ccccc23,,,,,,
CHEMBL39489,4.1,CC(C)CC(=O)OCC1(CO)C\\C(=C/CC(C(C)C)C(C)C)\\C(=O)O1,,,,,,
CHEMBL109243,-0.48,[O-][N+](=O)c1cc(c(cc1N2CC2)C(=O)NCCn3ccnc3)[N+](=O)[O-],,,,,,
CHEMBL41582,1.41,COCCC1CN(NC1=O)c2cccc(c2)C(F)(F)F,,,,,,
CHEMBL33386,1.27,COC[C@H]1CN(C(=O)O1)c2ccc(CCCO)cc2,,,,,,
CHEMBL319490,0.992,CC(C)[C@H]1OC[C@@H]2[C@H](CO1)N2S(=O)(=O)c3ccc(NC(=O)C)cc3,,,,,,
CHEMBL290876,5.9,CC(C)C(C\\C=C/1\\CC(CO)(COC(=O)CC(C(C)C)C(C)C)OC1=O)C(C)C,,,,,,
CHEMBL112073,-0.96,CS(=O)(=O)c1cc(c(cc1C(=O)NCC(O)CO)N2CC2)[N+](=O)[O-],,,,,,
CHEMBL41576,2.476,O=C1NN(CC1Cc2cccs2)c3ccccc3,,,,,,
CHEMBL40036,1.974,CSC1CN(NC1=O)c2ccccc2,,,,,,
CHEMBL307177,4.6,Clc1ccc(NC(=O)NS(=O)(=O)c2ccc3OCCc3c2)cc1Cl,,,,,,
CHEMBL329463,2.3,NC[C@@H]1CN[C@H](C1)C(=O)N[C@H](CCc2ccccc2)C(=O)Nc3ccc4ncccc4c3,,,,,,
CHEMBL37122,2.157,O=C1NN(CC1Sc2ccccn2)c3ccccc3,,,,,,
CHEMBL36,2.69,CCc1nc(N)nc(N)c1c2ccc(Cl)cc2,,,,,,
CHEMBL22304,-3.4,OC(=O)C1CN(CCCP(=O)(O)O)CCN1,,,,,,
CHEMBL57242,0.9,CCOc1nc2cccc(C(=O)O)c2n1Cc3ccc(cc3)c4ccccc4c5noc(O)n5,,,,,,
CHEMBL335684,2.056,COc1ccc(cc1)C2=NN(CCn3ccnc3)C(=O)c4ccccc24,,,,,,
CHEMBL40602,3.9,CC(C)CC(=O)OC[C@H](CO)OC(=O)C=C(C(C)C)C(C)C,,,,,,
CHEMBL288925,1.42,CCOCC1CN(NC1=O)c2ccccc2,,,,,,
CHEMBL289710,1.059,CCOCCC1CN(NC1=O)c2ccccc2,,,,,,
CHEMBL33128,1.17,COC[C@H]1CN(C(=O)O1)c2ccc(OCC(C)O)cc2,,,,,,
CHEMBL334435,1.2,NC[C@H]1C[C@@H](N(C1)C(=O)CN)C(=O)N[C@H](CCc2ccccc2)C(=O)Nc3ccc4ncccc4c3,,,,,,
CHEMBL291104,4.1,CC(C)C\\C=C/1\\CC(CO)(COC(=O)CC(C(C)C)C(C)C)OC1=O,,,,,,
CHEMBL38668,3.2,CC(C)CC(=O)OCC1(CO)CC(=C(C(C)C)C(C)C)C(=O)O1,,,,,,
CHEMBL27114,2.47,ClCCN(CCCl)CCN1C(=O)NC2(CCCCC2)C1=O,,,,,,
CHEMBL335952,1.4,NCC(=O)N1C[C@@H](N)C[C@@H]1C(=O)N[C@H](CCc2ccccc2)C(=O)Nc3ccc4ncccc4c3,,,,,,
CHEMBL414436,2.8,Cc1cc2nc([nH]c2cc1C)[C@@H](CCc3ccccc3)NC(=O)[C@H]4C[C@H](N)CN4C(=O)CN,,,,,,
CHEMBL317259,-0.055,O=S(=O)(N1[C@@H]2COCOC[C@H]12)c3ccccc3,,,,,,
CHEMBL302505,0.44,CCCCCOC(=O)CCCNC(=O)NC12CC3CC(CC(C3)C1)C2,,,,,,
CHEMBL103296,0.622,Cc1ccc(cc1)S(=O)(=O)N2[C@@H]3COCOC[C@H]23,,,,,,
CHEMBL240725,3.05,Cc1c(oc2ccc(Cl)cc12)S(=O)(=O)C3=NNC(=O)C=C3,,,,,,
CHEMBL321399,0.31,[O-][N+](=O)c1cc(c(cc1N2CC2)C(=O)NCCN3CCOCC3)[N+](=O)[O-],,,,,,
CHEMBL111860,0.47,NC(=O)c1ccc(c(c1)N2CC2)[N+](=O)[O-],,,,,,
CHEMBL112527,0.11,[O-][N+](=O)c1cc(C(=O)NCCN2CCOCC2)c(N3CC3)c(c1)[N+](=O)[O-],,,,,,
CHEMBL41528,1.24,COCCC1CN(NC1=O)c2ccc(Cl)cc2,,,,,,
CHEMBL34632,1.13,COC[C@H]1CN(C(=O)O1)c2ccc(CCO)cc2,,,,,,
CHEMBL296172,2.85,CN1CCC(=CC1)n2ncc3ccccc23,,,,,,
CHEMBL41107,0.955,COCCOCC1CN(NC1=O)c2ccccc2,,,,,,
CHEMBL419810,0.14,OC(=O)CCCNC(=O)NC12CC3CC(CC(C3)C1)C2,,,,,,
CHEMBL280539,3.03,COC[C@H]1CN(C(=O)O1)c2ccc(OCCC(=C)C)cc2,,,,,,
CHEMBL286402,3.03,FC(F)(F)S(=O)(=O)Nc1ccccc1,,,,,,
CHEMBL161657,-0.29,OC(CBr)C(O)C(O)C(O)CBr,,,,,,
CHEMBL1321,0.06,CNNCc1ccc(cc1)C(=O)NC(C)C,,,,,,
CHEMBL134482,1.8,NCC(=O)N1C[C@@H](N)C[C@@H]1C(=O)N[C@H](CCc2ccccc2)C(=O)Nc3cnc4ccccc4c3,,,,,,
CHEMBL129059,2.11,Cc1cc(OCC\\C=N\\N=C(N)N)cc(OS(=O)(=O)c2ccccc2C#N)c1,,,,,,
CHEMBL12200,0.37,ClCCN(N=O)C(=O)NC1CCC(=O)NC1=O,,,,,,
CHEMBL335635,1.937,COc1ccc(s1)C2=NN(CCn3ccnc3)C(=O)c4ccccc24,,,,,,
CHEMBL513,1.54,ClCCNC(=O)N(CCCl)N=O,,,,,,
CHEMBL131897,1.993,O=C1N(CCn2ccnc2)N=C(c3cccs3)c4ccccc14,,,,,,
CHEMBL336187,1.995,CC(C)CC1=NN(CCn2ccnc2)C(=O)c3ccccc13,,,,,,
CHEMBL323777,-0.48,[O-][N+](=O)c1cc(c(cc1N2CC2)C(=O)NCCCCN3CCOCC3)[N+](=O)[O-],,,,,,
CHEMBL38724,4.1,CC(C)CC(=O)OCC1(CO)C\\C(=C\\CC(C(C)C)C(C)C)\\C(=O)O1,,,,,,
CHEMBL26468,2.17,CN(C)CCCNC(=O)c1cc(NC(=O)c2cc(NC(=O)c3cc(NC=O)cn3C)cn2C)cn1C,,,,,,
CHEMBL132050,0.66,O=C1N(CCn2ccnc2)N=C(c3ccncc3)c4ccccc14,,,,,,
CHEMBL321989,0.1158,Fc1ccc(cc1)S(=O)(=O)N2[C@@H]3COCOC[C@H]23,,,,,,
CHEMBL39488,4.1,CC(C)C\\C=C\\1/CC(CO)(COC(=O)CC(C(C)C)C(C)C)OC1=O,,,,,,
CHEMBL67158,5.44,CCCCCCCCCCNC(=O)NC1CCCCC1,,,,,,
CHEMBL112145,-1.04,OCC(O)CNC(=O)c1cc(N2CC2)c(cc1[N+](=O)[O-])[N+](=O)[O-],,,,,,
CHEMBL326338,-0.15,OCC(O)CNC(=O)c1cc(cc(c1N2CC2)[N+](=O)[O-])[N+](=O)[O-],,,,,,
CHEMBL42161,-0.37,COCC(O)Cn1ccnc1[N+](=O)[O-],,,,,,
CHEMBL264373,2.82,Cc1nc(N)nc(N)c1c2ccc(Cl)c(Cl)c2,,,,,,
CHEMBL33454,1.71,COC[C@H]1CN(C(=O)O1)c2ccc(OCC[C@@H](C)O)cc2,,,,,,
CHEMBL338444,2.34,Cc1cc(OCC\\C=N\\N=C(N)N)cc(OS(=O)(=O)c2ccccc2Cl)c1,,,,,,
CHEMBL337255,1.523,O=C1N(CCn2ccnc2)N=C(c3occc3)c4ccccc14,,,,,,
CHEMBL302070,0.82,CCCCCOC(=O)CCCNC(=O)NC1CCCCC1,,,,,,
CHEMBL109705,0.56,CC(=O)CCNC(=O)c1cc(N2CC2)c(cc1[N+](=O)[O-])[N+](=O)[O-],,,,,,
CHEMBL324161,0.59,NC(=O)c1cc(c(N2CC2)c(c1)[N+](=O)[O-])[N+](=O)[O-],,,,,,
CHEMBL288937,2.503,CCSC1CN(NC1=O)c2ccccc2,,,,,,
CHEMBL416578,2.48,COC[C@H]1CN(C(=O)O1)c2ccc(OCC[C@@H](O)C(F)(F)F)cc2,,,,,,
CHEMBL319867,0.992,CC(C)[C@@H]1OC[C@@H]2[C@H](CO1)N2S(=O)(=O)c3ccc(NC(=O)C)cc3,,,,,,
CHEMBL1016,0.32,CCOc1nc2cccc(C(=O)O)c2n1Cc3ccc(cc3)c4ccccc4c5nnn[nH]5,,,,,,
CHEMBL135825,2.3,N[C@@H]1CN[C@H](C1)C(=O)N[C@H](CCc2ccccc2)C(=O)Nc3cnc4ccccc4c3,,,,,,
CHEMBL335034,2.629,O=C1N(CCn2ccnc2)N=C(C3CCCC3)c4ccccc14,,,,,,
CHEMBL40482,3.9,CC(C)C(CC(=O)OC[C@H](CO)OC(=O)C=C(C)C)C(C)C,,,,,,
CHEMBL41520,1.049,COCCC1C(C)N(NC1=O)c2ccccc2,,,,,,
CHEMBL22065,-0.1,COC(C)(CO)C1CCC(=CC1)\\C=N\\O,,,,,,
CHEMBL299688,2.87,CCOC1N=C(c2ccccc2)c3cc(Cl)ccc3N(CCOC(=O)C)C1=O,,,,,,
CHEMBL21834,1.4,COC(C)C1CCC=C(C1)\\C=N\\O,,,,,,
CHEMBL11372,14.4,COC1=CCN(CC1)NC(=O)c2ccccc2,,,,,,
CHEMBL77427,-0.05,Nc1nc(F)c2ncn([C@H]3CC[C@@H](CO)O3)c2n1,,,,,,
CHEMBL18075,0.62,OCC1OC(CS1)N2C=CC(=NC2=O)\\N=C\\N3CCOCC3,,,,,,
CHEMBL323442,3.88,CCCCN1CC2CN(CCCC)CC(C1)C2(C)C,,,,,,
CHEMBL59869,2.48,CC(=O)OCCN1C(=O)C(OC(=O)C)N=C(c2ccccc2)c3cc(Cl)ccc13,,,,,,
CHEMBL276452,30.6,COCCCC1=CCN(CC1)NC(=O)c2ccccc2,,,,,,
CHEMBL10841,33.4,CC(=O)OCCCC1=CCN(CC1)NC(=O)c2ccccc2,,,,,,
CHEMBL277179,0.72,COCC(C)(OC)C1CCC(=CC1)\\C=N\\O,,,,,,
CHEMBL969,3.72,Clc1ccc2N(CC3CC3)C(=O)CN=C(c4ccccc4)c2c1,,,,,,
CHEMBL292297,2.76,CN1C(=O)CN=C(C2CCCC=C2)c3cc(Cl)ccc13,,,,,,
CHEMBL10789,18.5,FC1=CCCN(C1)NC(=O)c2ccccc2,,,,,,
CHEMBL308326,0.21,Nc1nc(Cl)c2ncn([C@H]3CC[C@@H](CO)O3)c2n1,,,,,,
CHEMBL14562,-0.37,Nc1nc(Cl)nc2c1ncn2C3CCC(CO)O3,,,,,,
CHEMBL57965,3.41,CCNC12CCCCC1CCc3ccccc23,,,,,,
CHEMBL303742,2.37,CNC12CC(O)CCC1CCc3ccccc23,,,,,,
CHEMBL71457,-0.89,CC1=C(O)C(=O)C=CN1CCCO,,,,,,
CHEMBL320592,6.65,CCC1(C)C2CN(CC3CCCCC3)CC1CN(CC4CCCCC4)C2,,,,,,
CHEMBL279526,1.1,COC(C)C1=CC=C(CC1)\\C=N\\O,,,,,,
CHEMBL135240,3.17,CCC(C)CNC1=NS(=O)(=O)c2sc(Cl)cc2N1,,,,,,
CHEMBL326972,4.88,CCCCCCN1CC2CN(C)CC(C1)C2(CC)CC,,,,,,
CHEMBL334268,3.13,CC1(C)C2CN(CCC=C)CC1CN(CCC=C)C2,,,,,,
CHEMBL152680,2.95,CCCOC1=C(Cl)C(=O)c2ccccc2C1=O,,,,,,
CHEMBL283107,1.4,COC(C)C1CCC(=CC1)\\C=N\\O,,,,,,
CHEMBL293036,0.72,OCCN1C(=O)C(O)N=C(c2ccccc2)c3cc(ccc13)[N+](=O)[O-],,,,,,
CHEMBL21836,1.1,COC(C)C1=CCC(=CC1)\\C=N\\O,,,,,,
CHEMBL294229,2.01,CC(=O)OC1N=C(c2ccccc2)c3cc(Cl)ccc3N(CCO)C1=O,,,,,,
CHEMBL275456,2.4,CC(=O)C1=CCN(CC1)NC(=O)c2ccccc2,,,,,,
CHEMBL275111,31.1,CC(=O)OCCCC1=CCCN(C1)NC(=O)c2ccccc2,,,,,,
CHEMBL38877,2.18,CCCN1C(=O)CCC(CC)(C1=O)c2ccncc2,,,,,,
CHEMBL277608,-0.59,Nc1nc(S)c2ncn(C3CCC(CO)O3)c2n1,,,,,,
CHEMBL3138016,3.5,C[C@]12C[C@H](F)[C@H]3[C@@H](CC[C@H]4CC(=O)CC[C@]34C)[C@@H]1CC[C@@H]2O,,,,,,
CHEMBL3350270,2.42,CC[C@H](C)NC1=NS(=O)(=O)c2sc(Cl)cc2N1,,,,,,
CHEMBL112837,3.42,CCCCN1CC2CN(CCC=C)CC(C1)C2(C)C,,,,,,
CHEMBL321488,9.64,CCCCCCCCCCN1CC2CN(CCCCCCCCCC)CC(C1)C2(C)C,,,,,,
CHEMBL60665,1.46,[O-][N+]1=C(c2ccccc2)c3ccccc3NC(=O)C1,,,,,,
CHEMBL523,2.14,Clc1ccc2NC(=O)CN=C(c3ccccc3)c2c1,,,,,,
CHEMBL3137999,3.85,C[C@]12CC[C@@H]3[C@H]4CCC(=O)C[C@@H]4CC[C@H]3[C@@H]1CC[C@@H]2O,,,,,,
CHEMBL356069,-0.134,CCC(O)C1=C(O)C(=O)C=C(C)N1C,,,,,,
CHEMBL430527,4.98,CCCCN1CC2CN(CC3CCCCC3)CC(C1)C2(C)C,,,,,,
CHEMBL59781,1.68,CCN(CC)CCN1C(=O)C(O)N=C(c2ccccc2F)c3cc(Cl)ccc13,,,,,,
CHEMBL305389,1.95,CNC(=O)N1C(=O)CN=C(c2ccccc2)c3cc(ccc13)[N+](=O)[O-],,,,,,
CHEMBL280705,1.1,COC(C)C1=CCC=C(C1)\\C=N\\O,,,,,,
CHEMBL39275,2.76,CCCCN1C(=O)CCC(CC)(C1=O)c2ccncc2,,,,,,
CHEMBL308282,0,OC[C@@H]1CC[C@@H](O1)n2cnc3c(F)ncnc23,,,,,,
CHEMBL304248,2.92,NC12CCCCC1CCc3ccccc23,,,,,,
CHEMBL40263,2.18,CC(C)CN1CCN(CC(C)C)C(C1)C2=NCCN2,,,,,,
CHEMBL290428,1.45,CC(=C)CN1CCN(CC(=C)C)C(C1)C2=NCCN2,,,,,,
CHEMBL290835,1.3,CC(C)CN1CCN(CC=C)CC1C2=NCCN2,,,,,,
CHEMBL278480,4.48,OCC1OC(CS1)N2C=CC(=NC2=O)\\N=C\\N(c3ccccc3)c4ccccc4,,,,,,
CHEMBL441023,-0.92,CC(O)(CO)C1CCC(=CC1)\\C=N\\O,,,,,,
CHEMBL28333,4.05,CN1CCN=C(c2ccccc2)c3cc(Cl)ccc13,,,,,,
CHEMBL289116,0.58,CCC1(CCC(=O)NC1=O)c2ccncc2,,,,,,
CHEMBL27769,3.9,C[C@]12CC[C@H]3[C@@H](CC[C@H]4CC(=O)CC[C@]34C)[C@@H]1CC[C@@H]2O,,,,,,
CHEMBL41263,1.15,CC(C)N1CCN(C(C)C)C(C1)C2=NCCN2,,,,,,
CHEMBL144911,1.25,CC1=C(O)C(=O)C=CN1CCCOC(=O)c2ccccc2,,,,,,
CHEMBL968,2.35,CCN(CC)CCN1C(=O)CN=C(c2ccccc2F)c3cc(Cl)ccc13,,,,,,
CHEMBL268254,2.73,Clc1ccc2NC(=O)CN=C(c3ccccc3Cl)c2c1,,,,,,
CHEMBL11413,4.4,OCC1=CCN(CC1)NC(=O)c2ccccc2,,,,,,
CHEMBL11035,2.8,CC(O)C1=CCCN(C1)NC(=O)c2ccccc2,,,,,,
CHEMBL60448,2.56,CNC12CCCCC1CCc3ccc(O)cc23,,,,,,
CHEMBL61865,2.41,CNC12CCCCC1CC(=O)c3ccccc23,,,,,,
CHEMBL2111887,2.57,CC[C@@H](C)NC1=NS(=O)(=O)c2sc(Cl)cc2N1,,,,,,
CHEMBL61109,3.59,CC1CC2CCCCC2(N)c3ccccc13,,,,,,
CHEMBL59497,3.96,CNC12CC=CCC1CC(C)c3ccccc23,,,,,,
CHEMBL325558,7.61,CCCCC1(CCCC)C2CN(CC3CCCCC3)CC1CN(C2)C(C)C,,,,,,
CHEMBL63889,2.26,CCN(CC)CCN1C(=O)C(O)N=C(c2ccccc2Cl)c3cc(Cl)ccc13,,,,,,
CHEMBL291438,3.25,CNC12CCCCC1CCc3ccccc23,,,,,,
CHEMBL145597,1.16,CCC1=C(O)C(=O)C=CN1CCOC(=O)C(C)(C)C,,,,,,
CHEMBL22097,2.58,CN1C(=O)C(O)N=C(c2ccccc2Cl)c3cc(Cl)ccc13,,,,,,
CHEMBL970,3.73,FC(F)(F)CN1C(=O)CN=C(c2ccccc2)c3cc(Cl)ccc13,,,,,,
CHEMBL291770,2,CN1C(=O)C(O)N=C(c2ccccc2F)c3cc(Cl)ccc13,,,,,,
CHEMBL131971,1.84,CC(C)NC1=NS(=O)(=O)c2sc(Cl)cc2N1,,,,,,
CHEMBL853,-0.58,NC1=NC(=O)N(C=C1)[C@H]2CC[C@@H](CO)O2,,,,,,
CHEMBL113461,4.19,C(C1CC1)N2CC3CN(CC4CC4)CC(C2)C35CCCC5,,,,,,
CHEMBL109762,7.03,CCCCN1CC2CN(CCCC)CC(C1)C2(CCCC)CCCC,,,,,,
CHEMBL112902,5.32,CCCC1(CCC)C2CN(CCC=C)CC1CN(CC(C)C)C2,,,,,,
CHEMBL319421,2.69,OC1=C(C2CCCC2)C(=O)C(=O)c3ccccc13,,,,,,
CHEMBL60886,1.41,OC(=O)CCC(=O)OC1N=C(c2ccccc2)c3cc(Cl)ccc3NC1=O,,,,,,
CHEMBL275755,15.3,OC(=O)CCC1=CCCN(C1)NC(=O)c2ccccc2,,,,,,
CHEMBL144836,-1.125,CC(O)C1=C(O)C(=O)C=CN1CCCO,,,,,,
CHEMBL326187,4.29,CC(C)CN1CC2CN(CC(C1)C23CCCCC3)C(C)C,,,,,,
CHEMBL114026,2.7,CC1(C)C2CN(CC=C)CC1CN(CC=C)C2,,,,,,
CHEMBL153133,1.42,CC(=O)NC1=C(Cl)C(=O)c2ccccc2C1=O,,,,,,
CHEMBL106562,1.59,COC1=CC(=O)c2ccccc2C1=O,,,,,,
CHEMBL294636,2.5,CNC1C[N+](=C(c2ccccc2)c3cc(Cl)ccc3N1)[O-],,,,,,
CHEMBL16790,0.35,OCC1CCC(O1)n2cnc3c(Br)ncnc23,,,,,,
CHEMBL291342,3.88,CNC12CCCCC1CSc3ccccc23,,,,,,
CHEMBL302884,0.19,OC(=O)CCC(=O)OCCN1C(=O)C[N+](=C(c2ccccc2)c3cc(Cl)ccc13)[O-],,,,,,
CHEMBL974,2.15,Fc1ccccc1C2=NCC(=O)Nc3ccc(Cl)cc23,,,,,,
CHEMBL10828,5.5,COC(=O)CCC1=CCCN(C1)NC(=O)c2ccccc2,,,,,,
CHEMBL39152,2.94,CCCCCCC1(CCC(=O)NC1=O)c2ccncc2,,,,,,
CHEMBL308959,0.24,OC[C@@H]1CC[C@@H](O1)n2cnc3c(Cl)ncnc23,,,,,,
CHEMBL218490,2,CCN[C@H]1C[C@H](C)S(=O)(=O)c2sc(cc12)S(=O)(=O)N,,,,,,
CHEMBL568,2.17,OC1N=C(c2ccccc2)c3cc(Cl)ccc3NC1=O,,,,,,
CHEMBL316384,3.55,C(CN1CCCCC1)Oc2ccc(cc2)c3cnc4c(c3)ncn4c5ccccc5,,,,,,
CHEMBL298110,1.735,NS(=O)(=O)c1ccc(cc1)C(=O)N[C@@H](Cc2c[nH]cn2)C(=O)N[C@@H](Cc3ccccc3)C(=O)O,,,,,,
CHEMBL59979,4.02,CNC12CCCCC1CCc3c(C)cc(OC)cc23,,,,,,
CHEMBL40232,2.21,CN1CCN(Cc2ccc(Cl)cc2Cl)C(C1)C3=NCCN3,,,,,,
CHEMBL144804,-0.575,CCN1C=CC(=O)C(=C1C(C)O)O,,,,,,
CHEMBL112822,3.7,CCCCN1CC2CN(CC(C)C)CC(C1)C2(C)C,,,,,,
CHEMBL109974,4.24,CCCCN1CC2CN(CCCC)CC(C1)C23CCC3,,,,,,
CHEMBL325383,5.47,CCCCCCN1CC2CN(CCCCCC)CC(C1)C23CCCC3,,,,,,
CHEMBL11214,8.1,COCCCC1=CCCN(C1)NC(=O)c2ccccc2,,,,,,
CHEMBL82433,2.25,O=C1C=C(C=CN1CCCN2CCCCC2)c3ccc4c(c3)ncn4c5ccccc5,,,,,,
CHEMBL141,0.06,NC1=NC(=O)N(C=C1)[C@@H]2CS[C@H](CO)O2,,,,,,
CHEMBL110006,4.37,CCCCN1CC2CN(CCCC)CC(C1)C2(C)CC,,,,,,
CHEMBL326339,3.53,CCCC1(C)C2CN(CC1CN(C2)C(C)C)C(C)C,,,,,,
CHEMBL300587,1.67,CCN(CC)CCN1C(=O)C(O)N=C(c2ccccc2)c3cc(Cl)ccc13,,,,,,
CHEMBL10818,8.9,COC(=O)CCC1=CCN(CC1)NC(=O)c2ccccc2,,,,,,
CHEMBL16907,0.53,OCC1CCC(O1)n2cnc3c(I)ncnc23,,,,,,
CHEMBL113803,3.18,CCCCCCN1CC2CC(CN(C)C2)C1,,,,,,
CHEMBL13209,2.12,[O-][N+](=O)c1ccc2NC(=O)CN=C(c3ccccc3)c2c1,,,,,,
CHEMBL155563,4.04,ClC1=C(Nc2ccccc2)C(=O)c3ccccc3C1=O,,,,,,
CHEMBL152130,4.01,CC12CC3(C)CC(C)(C1)CC(N)(C3)C2,,,,,,
CHEMBL12,2.66,CN1C(=O)CN=C(c2ccccc2)c3cc(Cl)ccc13,,,,,,
CHEMBL273531,23.6,CC1=CCCN(C1)NC(=O)c2ccccc2,,,,,,
CHEMBL275594,1.13,CCCC1(CCC(=O)NC1=O)c2ccncc2,,,,,,
CHEMBL39781,1.64,CCN1C(=O)CCC(CC)(C1=O)c2ccncc2,,,,,,
CHEMBL112358,7.43,C(C1CCCCC1)N2CC3CN(CC4CCCCC4)CC(C2)C35CCCCC5,,,,,,
CHEMBL11085,5,CC1CC=CCN1NC(=O)c2ccccc2,,,,,,
CHEMBL288712,2.26,CCCCCC1(CCC(=O)NC1=O)c2ccncc2,,,,,,
CHEMBL83279,4.29,C(CN1CCCCC1)Oc2ccc(cc2)c3ccc4c(c3)ncn4c5ccccc5,,,,,,
CHEMBL18509,4.23,COc1ccc(cc1)N(\\C=N\\C2=NC(=O)N(C=C2)C3CSC(CO)O3)c4ccc(OC)cc4,,,,,,
CHEMBL59846,3.54,COc1cc(cc(OC)c1OC)C(=O)OC2N=C(c3ccccc3)c4cc(Cl)ccc4NC2=O,,,,,,
CHEMBL337419,5.2,Clc1ccc(C(=O)NCC23CC4CC(CC(C4)C2)C3)c(Cl)c1,,,,,,
CHEMBL61607,2,CNC12CCC(CN)CC1CCc3ccccc23,,,,,,
CHEMBL757,3.17,C[C@]12CC[C@H]3[C@@H](CCC4=CC(=O)CC[C@H]34)[C@@H]1CC[C@@H]2O,,,,,,
CHEMBL113417,2.48,CC(C)N1CC2CN(CC(C1)C2(C)C)C(C)C,,,,,,
CHEMBL341050,4.36,CCC12CC3CC(N)(CC(CC)(C3)C1)C2,,,,,,
CHEMBL13291,2.67,CN1C(=O)CN=C(c2ccccc2F)c3cc(Cl)ccc13,,,,,,
CHEMBL967,1.99,CN1C(=O)C(O)N=C(c2ccccc2)c3cc(Cl)ccc13,,,,,,
CHEMBL10976,16.7,OCCCC1=CCN(CC1)NC(=O)c2ccccc2,,,,,,
CHEMBL59303,3.4,CC1CC2CC=CCC2(N)c3ccccc13,,,,,,
CHEMBL58020,1.84,CNC12CCCCC1CC(O)c3ccccc23,,,,,,
CHEMBL113622,1.61,CN1CC2CN(C)CC(C1)C2(C)C,,,,,,
CHEMBL302909,1.87,OCCCN1C(=O)C(O)N=C(c2ccccc2)c3cc(Cl)ccc13,,,,,,
CHEMBL580,2.38,OC1N=C(c2ccccc2Cl)c3cc(Cl)ccc3NC1=O,,,,,,
CHEMBL11312,0.8,CC(=O)C1=CCCN(C1)NC(=O)c2ccccc2,,,,,,
CHEMBL61855,3.02,NC12CCCCC1CCc3sccc23,,,,,,
CHEMBL386630,3.45,C[C@]12CC[C@H]3[C@@H](CCC4=CC(=O)CC[C@]34C)[C@@H]1CC[C@@H]2O,,,,,,
CHEMBL133596,2.49,CCCNC1=NS(=O)(=O)c2sc(Cl)cc2N1,,,,,,
CHEMBL277762,3.84,OCC1CCC(O1)N2C=CC(=NC2=O)N(Cc3ccccc3)Cc4ccccc4,,,,,,
CHEMBL10918,1.1,CC(O)C1=CCN(CC1)NC(=O)c2ccccc2,,,,,,
CHEMBL131543,5,Clc1ccc(cc1)C(=O)NCC23CC4CC(CC(C4)C2)C3,,,,,,
CHEMBL51668,1.433,NS(=O)(=O)c1ccc(CCNC(=O)c2ccc(cc2)S(=O)(=O)N)cc1,,,,,,
CHEMBL294607,2.75,NC12CC=CCC1CCc3ccccc23,,,,,,
CHEMBL166444,3.29,C[C@]1(O)CC[C@H]2[C@@H]3CCC4=CC(=O)CCC4=C3C=C[C@]12C,,,,,,
CHEMBL18076,5.45,Cc1ccc(cc1)N(\\C=N\\C2=NC(=O)N(C=C2)C3CSC(CO)O3)c4ccc(C)cc4,,,,,,
CHEMBL419033,4.49,C=CCCN1CC2CN(CCC=C)CC(C1)C23CCCCC3,,,,,,
CHEMBL274540,41.4,COC1=CCCN(C1)NC(=O)c2ccccc2,,,,,,
CHEMBL301044,3.75,CNC12CCCCC1CCc3ccc(OC)cc23,,,,,,
CHEMBL113354,3.85,CCCN1CC2CN(CCC)CC(C1)C2(CC)CC,,,,,,
CHEMBL350242,2.15,COC1=C(Cl)C(=O)c2ccccc2C1=O,,,,,,
CHEMBL346660,3.76,CCCC12CC3CC(CC(N)(C3)C1)C2,,,,,,
CHEMBL279290,-0.1,COCC(C)(O)C1CCC(=CC1)\\C=N\\O,,,,,,
CHEMBL291415,5.25,CCCC(CCC)C(=O)OC1N=C(c2ccccc2)c3cc(Cl)ccc3NC1=O,,,,,,
CHEMBL11395,13.2,OCCCC1=CCCN(C1)NC(=O)c2ccccc2,,,,,,
CHEMBL17115,-0.66,OCC1CCC(O1)n2cnc3c(S)ncnc23,,,,,,
CHEMBL50128,1.893,NS(=O)(=O)c1cc(ccc1Cl)C(=O)Nc2nnc(s2)S(=O)(=O)N,,,,,,
CHEMBL292972,1.94,OCCN1C(=O)C(O)N=C(c2ccccc2Cl)c3cc(Cl)ccc13,,,,,,
CHEMBL428539,0.34,Nc1nc(Br)c2ncn(C3CCC(CO)O3)c2n1,,,,,,
CHEMBL60619,3.07,CNC12CC=CCC1CCc3ccccc23,,,,,,
CHEMBL318782,3.16,ClC1=C(Cl)C(=O)c2ccccc2C1=O,,,,,,
CHEMBL64846,2.4,CCOC1N=C(c2ccccc2)c3cc(Cl)ccc3N(CCO)C1=O,,,,,,
CHEMBL64677,1.36,OCCN1C(=O)C(O)N=C(c2ccccc2F)c3cc(Cl)ccc13,,,,,,
CHEMBL303575,3,CC(=O)OCCCN1C(=O)C(OC(=O)C)N=C(c2ccccc2)c3cc(Cl)ccc13,,,,,,
CHEMBL305574,1.35,OCCN1C(=O)C(O)N=C(c2ccccc2)c3cc(Cl)ccc13,,,,,,
CHEMBL3138005,3.1,C[C@]12C[C@H](F)[C@@H]3[C@H]4CCC(=O)C[C@@H]4CC[C@H]3[C@@H]1CC[C@@H]2O,,,,,,
CHEMBL307343,-0.66,CCC1=C(O)C(=O)C=CN1CCO,,,,,,
CHEMBL145201,-1.252,OCCCN1C=CC(=O)C(=C1CO)O,,,,,,
CHEMBL145676,-0.652,CCN1C(=CC(=O)C(=C1CO)O)C,,,,,,
CHEMBL145386,-0.606,CC(O)C1=C(O)C(=O)C=C(C)N1C,,,,,,
CHEMBL155564,2.61,CCOC1=C(Cl)C(=O)c2ccccc2C1=O,,,,,,
CHEMBL64755,1.48,OC1N=C(c2ccccc2F)c3cc(Cl)ccc3NC1=O,,,,,,
CHEMBL10979,10,OC(=O)CCC1=CCN(CC1)NC(=O)c2ccccc2,,,,,,
CHEMBL10917,14.9,O=C(NN1CCC=CC1=O)c2ccccc2,,,,,,
CHEMBL418174,0.52,Nc1nc(I)c2ncn(C3CCC(CO)O3)c2n1,,,,,,
CHEMBL51346,1.821,CC(C)C[C@H](NC(=O)c1ccc(cc1)S(=O)(=O)N)C(=O)NCC(=O)O,,,,,,
CHEMBL142807,0.749,OCC1=C(O)C(=O)C=CN1CCCOC(=O)c2ccccc2,,,,,,
CHEMBL418365,1.02,CN(C)\\C=N\\C1=NC(=O)N(C=C1)C2CSC(CO)O2,,,,,,
CHEMBL321592,8.26,CCCCCCN1CC2CN(CCCCCC)CC(C1)C2(CC)CCCC,,,,,,
CHEMBL156959,2.08,NC1=C(Cl)C(=O)c2ccccc2C1=O,,,,,,
CHEMBL304201,0.44,OCCN1C(=O)C[N+](=C(c2ccccc2)c3cc(Cl)ccc13)[O-],,,,,,
CHEMBL59688,3.95,CCOC1N=C(c2ccccc2)c3cc(Cl)ccc3N(CCCl)C1=O,,,,,,
CHEMBL452,2.41,[O-][N+](=O)c1ccc2NC(=O)CN=C(c3ccccc3Cl)c2c1,,,,,,
CHEMBL268248,3.25,CN1C(=O)CN=C(c2ccccc2Cl)c3cc(Cl)ccc13,,,,,,
CHEMBL10840,15.7,CC1=CCN(CC1)NC(=O)c2ccccc2,,,,,,
CHEMBL11086,22.3,CC1=C(C)CN(CC1)NC(=O)c2ccccc2,,,,,,
CHEMBL276630,23.5,C=C1CN(CC=C1)NC(=O)c2ccccc2,,,,,,
CHEMBL49157,-0.46,Nc1nc(N)c2ncn([C@H]3CC[C@@H](CO)O3)c2n1,,,,,,
CHEMBL336619,4.5,Clc1ccccc1C(=O)NCC23CC4CC(CC(C4)C2)C3,,,,,,
CHEMBL60463,3.31,CNC12CCCCC1COc3ccccc23,,,,,,
CHEMBL43458,3.22,CCC(C)CN1CCN(CC(C)CC)C(C1)C2=NCCN2,,,,,,
CHEMBL18676,4.8,OCC1OC(CS1)N2C=CC(=NC2=O)\\N=C\\N(c3ccc(F)cc3)c4ccc(F)cc4,,,,,,
CHEMBL419187,4.51,CCCC1(CCC)C2CN(CC1CN(C2)C(C)C)C(C)C,,,,,,
CHEMBL1807686,1.36,N[C@@H](Cc1ccccc1)C(=O)N2CCC[C@H]2C(=O)O,,,,,,
CHEMBL52406,2.85,CC(C)C[C@H](NC(=O)[C@@H](N)CO)C(=O)O,,,,,,
CHEMBL300797,2.31,COC(=O)[C@@H](N)Cc1ccc(O)cc1,,,,,,
CHEMBL300550,1.27,COC(=O)[C@H](CC(C)C)NC(=O)[C@@H](N)Cc1ccccc1,,,,,,
CHEMBL57704,2.78,CC[C@H](C)[C@H](NC(=O)[C@H](C)N)C(=O)N[C@@H](C)C(=O)O,,,,,,
CHEMBL55044,2.07,CC(C)C[C@H](NC(=O)[C@@H](N)C(C)C)C(=O)O,,,,,,
CHEMBL439979,3.95,CC(C)CC(C\\C=C\\1/CC(CO)(CNC(=O)C(C)(C)C)OC1=O)CC(C)C,,,,,,
CHEMBL167090,4.97,OC1=CCCC2=C1C(=O)c3c(O)cccc3C2C(=O)CC4CCCCC4,,,,,,
CHEMBL140245,1.69,CCc1cccc2nc(N)nc(N)c12,,,,,,
CHEMBL344047,2.27,CCSc1cccc2nc(N)nc(N)c12,,,,,,
CHEMBL46396,4.72,Fc1cccc(CN2CCC(COc3c(F)c(F)c(F)c(F)c3F)CC2)c1,,,,,,
CHEMBL54648,4.21,CC[C@H](C)[C@H](N)C(=O)N[C@@H](CCCCN)C(=O)O,,,,,,
CHEMBL55259,2.09,CC(C)C[C@H](NC(=O)[C@@H](N)Cc1ccc(O)cc1)C(=O)O,,,,,,
CHEMBL136786,3.95,CC(C)CC(C\\C=C/1\\CC(CO)(CNC(=O)C(C)(C)C)OC1=O)CC(C)C,,,,,,
CHEMBL266320,1.72,Nc1nc(N)c2c(Cl)cccc2n1,,,,,,
CHEMBL136771,2.12,Nc1nc(N)c2c(I)cccc2n1,,,,,,
CHEMBL72796,0.1,CO[C@@]12C(COC(=O)N)C3=C(N1CC4NC24)C(=O)C(=C(NCCCO)C3=O)C,,,,,,
CHEMBL76045,1.02,CO[C@]12C3NC3CN1C4=C(C2COC(=O)N)C(=O)C(=C(C)C4=O)Nc5ccc(cc5)[N+](=O)[O-],,,,,,
CHEMBL541207,2.65,CC(C)C[C@H](N)C(=O)N[C@@H](C)C(=O)O,,,,,,
CHEMBL56925,3.28,COC(=O)CNC(=O)[C@H](CC(C)C)NC(=O)C,,,,,,
CHEMBL166850,4.06,Oc1cccc2C(C(=O)Cc3ccc4OCOc4c3)c5cccc(O)c5C(=O)c12,,,,,,
CHEMBL139916,2.89,CCOC(=O)Cc1cc2OCOc2cc1\\C(=N\\NC(=O)NC)\\c3ccc(N)cc3,,,,,,
CHEMBL342595,2.82,Nc1nc(N)c2c(OCc3ccccc3)cccc2n1,,,,,,
CHEMBL139392,2.14,Nc1nc(N)c2c(cccc2n1)S(=O)(=O)c3ccccc3,,,,,,
CHEMBL44988,4.3,Ic1ccccc1CN2CCC(COc3ccc(cc3)C#N)CC2,,,,,,
CHEMBL299759,1.81,NCC(=O)N[C@@H](Cc1c[nH]c2ccccc12)C(=O)O,,,,,,
CHEMBL55636,2.53,CC(C)C[C@H](NC(=O)CN)C(=O)N[C@@H](Cc1ccc(O)cc1)C(=O)O,,,,,,
CHEMBL138171,6.88,CC(C)CC(C\\C=C\\1/CC(CO)(COC(=O)CC(C(C)C)C(C)C)OC1=O)CC(C)C,,,,,,
CHEMBL419265,2.16,CO[C@]12C3NC3CN1C4=C(C2COC(=O)N)C(=O)C(=C(C)C4=O)Nc5ccc(Br)cc5,,,,,,
CHEMBL75775,1.35,CO[C@@]12C(COC(=O)N)C3=C(N1CC4NC24)C(=O)C(=C(OCC5CC5)C3=O)C,,,,,,
CHEMBL297722,3.56,CC(C)C[C@H](N)C(=O)NCC(=O)NCC(=O)O,,,,,,
CHEMBL166395,3.77,COc1ccc(CC(=O)C2c3cccc(O)c3C(=O)c4c(O)cccc24)cc1OC,,,,,,
CHEMBL168785,4.6,Oc1cccc2C(C(=O)Cc3ccc(Br)cc3)c4cccc(O)c4C(=O)c12,,,,,,
CHEMBL354490,4.17,CC(C)(C)OC(=O)Nc1ccc(CC(=O)C2c3cccc(O)c3C(=O)c4c(O)cccc24)cc1,,,,,,
CHEMBL165586,4.42,CN(C)c1ccc(CC(=O)C2c3cccc(O)c3C(=O)c4c(O)cccc24)cc1,,,,,,
CHEMBL167127,4.42,CSc1ccc(CC(=O)C2c3cccc(O)c3C(=O)c4c(O)cccc24)cc1,,,,,,
CHEMBL308944,0.83,CO[C@]12C3NC3CN1C4=C(C2COC(=O)N)C(=O)C(=C(C)C4=O)OC5CC5,,,,,,
CHEMBL54976,1.06,N[C@@H](Cc1c[nH]c2ccccc12)C(=O)O,,,,,,
CHEMBL293480,1.46,CC(C)C[C@@H](N)C(=O)N[C@@H](CC(C)C)C(=O)O,,,,,,
CHEMBL353105,4.54,Cc1ccc(CC(=O)C2c3cccc(O)c3C(=O)c4c(O)cccc24)cc1,,,,,,
CHEMBL167527,4.59,CC(C)Oc1ccc(CC(=O)C2c3cccc(O)c3C(=O)c4c(O)cccc24)cc1,,,,,,
CHEMBL168543,5.57,CC(C)Cc1ccc(cc1)C(C)C(=O)C2c3cccc(O)c3C(=O)c4c(O)cccc24,,,,,,
CHEMBL139209,1.19,Nc1nc(N)c2c(cccc2n1)[N+](=O)[O-],,,,,,
CHEMBL36171,1.23,CO[C@@]12C(COC(=O)N)C3=C(N1CC4NC24)C(=O)C(=C(NCCc5ccccn5)C3=O)C,,,,,,
CHEMBL55868,0.85,N[C@@H](Cc1ccccc1)C(=O)N[C@@H](Cc2ccccc2)C(=O)O,,,,,,
CHEMBL55547,2.37,COC(=O)[C@@H](Cc1ccccc1)NC(=O)C,,,,,,
CHEMBL56939,2.9,COC(=O)CNC(=O)[C@@H](N)CC(C)C,,,,,,
CHEMBL54278,4.47,NCC(=O)NCC(=O)NCC(=O)O,,,,,,
CHEMBL137386,5.03,CC(C)CC(C\\C=C\\1/CC(CO)(COC(=O)C(C)(C)C)OC1=O)CC(C)C,,,,,,
CHEMBL166952,2.84,OC(=O)Cc1ccc(CC(=O)C2c3cccc(O)c3C(=O)c4c(O)cccc24)cc1,,,,,,
CHEMBL168756,4.2,COc1ccccc1CC(=O)C2c3cccc(O)c3C(=O)c4c(O)cccc24,,,,,,
CHEMBL139363,1.81,CSc1cccc2nc(N)nc(N)c12,,,,,,
CHEMBL344910,1.91,Nc1nc(N)c2c(Br)cccc2n1,,,,,,
CHEMBL44304,4.11,FCCCN1CCC(COc2c(F)c(F)c(F)c(F)c2F)CC1,,,,,,
CHEMBL56154,0.93,CC(C)C[C@H](N)C(=O)N[C@@H](Cc1c[nH]c2ccccc12)C(=O)O,,,,,,
CHEMBL355182,4.34,CCOC(=O)c1ccc(CC(=O)C2c3cccc(O)c3C(=O)c4c(O)cccc24)cc1,,,,,,
CHEMBL167134,3.41,COc1ccc(CC(=O)C2c3cccc(O)c3C(=O)c4c(O)cccc24)cc1O,,,,,,
CHEMBL53845,1.99,CNC(=O)N1N=C(c2ccc(N)cc2)c3cc4OCOc4cc3CC1=O,,,,,,
CHEMBL336468,1.65,CN(C)c1cccc2nc(N)nc(N)c12,,,,,,
CHEMBL344386,2.05,CC(C)Oc1cccc2nc(N)nc(N)c12,,,,,,
CHEMBL310493,0.21,CO[C@@]12C(COC(=O)N)C3=C(N1CC4NC24)C(=O)C(=C(NC5CCCO5)C3=O)C,,,,,,
CHEMBL44739,6.67,Ic1ccc(OCC2CCN(CC3CC3)CC2)cc1,,,,,,
CHEMBL54834,2.75,CC[C@H](C)[C@H](N)C(=O)N[C@@H](C)C(=O)O,,,,,,
CHEMBL39176,2.92,N[C@@H](Cc1c[nH]c2ccccc12)C(=O)N[C@@H](CCC(=O)O)C(=O)O,,,,,,
CHEMBL53454,1.37,CCOC(=O)[C@@H](Cc1c[nH]c2ccccc12)NC(=O)C,,,,,,
CHEMBL925,2.31,N[C@@H](Cc1ccc(O)cc1)C(=O)O,,,,,,
CHEMBL55209,2.9,CC(C)C[C@@H](N)C(=O)NCC(=O)O,,,,,,
CHEMBL135779,3.58,CC(C)CC(C\\C=C\\1/CC(CO)(CN(O)C(=O)C(C)(C)C)OC1=O)CC(C)C,,,,,,
CHEMBL354118,4.07,COC(=O)c1ccc(CC(=O)C2c3cccc(O)c3C(=O)c4c(O)cccc24)cc1,,,,,,
CHEMBL137046,2.77,CCCNC(=O)N1N=C(c2ccc(N)cc2)c3cc4OCOc4cc3CC1=O,,,,,,
CHEMBL75851,1.52,CO[C@]12C3NC3CN1C4=C(C2COC(=O)N)C(=O)C(=C(C)C4=O)Nc5nc(C)cs5,,,,,,
CHEMBL298359,0.26,COC1=C(C)C(=O)C2=C([C@@H](COC(=O)N)[C@@]3(OC)[C@H]4N[C@H]4CN23)C1=O,,,,,,
CHEMBL296143,-0.46,COCCOCCOC1=C(C)C(=O)C2=C(C(COC(=O)N)[C@@]3(OC)C4NC4CN23)C1=O,,,,,,
CHEMBL46596,3.62,[O-][N+](=O)c1ccc(OCC2CCN(Cc3ccc(F)cc3)CC2)cc1,,,,,,
CHEMBL292134,1.46,CC(C)C[C@H](N)C(=O)NC(CC(C)C)C(=O)O,,,,,,
CHEMBL56803,3.18,CC[C@H](C)[C@H](N)C(=O)N[C@@H](CO)C(=O)O,,,,,,
CHEMBL52025,2.76,CC(C)C[C@H](N)C(=O)N[C@@H](CCC(=O)N)C(=O)N[C@@H](CC(C)C)C(=O)O,,,,,,
CHEMBL422550,4.51,CCOc1ccc(CC(=O)C2c3cccc(O)c3C(=O)c4c(O)cccc24)cc1,,,,,,
CHEMBL355238,3.77,Oc1cccc2C(C(=O)Cc3c[nH]c4ccccc34)c5cccc(O)c5C(=O)c12,,,,,,
CHEMBL139639,3.81,CCCCOC(=O)Cc1cc2OCOc2cc1\\C(=N\\NC(=O)NC)\\c3ccc(N)cc3,,,,,,
CHEMBL184,1.6,Nc1nc(O)c2ncn(COCCO)c2n1,,,,,,
CHEMBL343382,1.69,CCOc1cccc2nc(N)nc(N)c12,,,,,,
CHEMBL75394,0.56,CO[C@]12C3NC3CN1c4c(O)c(C)c(\\N=C/5\\C=CN=N5)c(O)c4C2COC(=O)N,,,,,,
CHEMBL290876,5.89,CC(C)C(C\\C=C/1\\CC(CO)(COC(=O)CC(C(C)C)C(C)C)OC1=O)C(C)C,,,,,,
CHEMBL75060,2.45,CO[C@]12C3NC3CN1C4=C(C2COC(=O)N)C(=O)C(=C(C)C4=O)Nc5ccc6[nH]ccc6c5,,,,,,
CHEMBL422556,1.56,COc1ccccc1CCC(O)CNCCOc2ccc(O)c(c2)C(=O)N,,,,,,
CHEMBL54933,1.46,CC(C)C[C@H](N)C(=O)N[C@@H](CC(C)C)C(=O)O,,,,,,
CHEMBL301979,3,CC[C@H](C)[C@H](N)C(=O)NCC(=O)O,,,,,,
CHEMBL55830,1.06,COC(=O)[C@@H](N)Cc1c[nH]c2ccccc12,,,,,,
CHEMBL58991,2.61,COC(=O)[C@H](CC(C)C)NC(=O)C,,,,,,
CHEMBL56749,1.77,COC(=O)[C@H](CC(C)C)NC(=O)[C@H](Cc1ccccc1)NC(=O)C,,,,,,
CHEMBL168811,4.46,CC(C(=O)C1c2cccc(O)c2C(=O)c3c(O)cccc13)c4ccc(cc4)C(=O)c5ccccc5,,,,,,
CHEMBL545105,3.782,Cl.COc1ccc(CNCCNCc2ccc(OC)c(OC)c2)cc1OC,,,,,,
CHEMBL138983,3.31,CCNC(=O)N\\N=C(/c1ccc(N)cc1)\\c2cc3OCOc3cc2CC(=O)OCC,,,,,,
CHEMBL42099,0.63,CO[C@]12C3NC3CN1c4c(O)c(C)c(N=C5C=CC(=O)C=C5)c(O)c4C2COC(=O)N,,,,,,
CHEMBL45168,4.02,FCCN1CCC(COc2ccc(I)cc2)CC1,,,,,,
CHEMBL56099,2.22,CC(C)C[C@H](N)C(=O)N[C@@H](Cc1ccc(O)cc1)C(=O)O,,,,,,
CHEMBL293266,2.17,CC[C@H](C)[C@H](N)C(=O)N[C@@H](C(C)C)C(=O)O,,,,,,
CHEMBL56923,1.03,CC[C@H](C)[C@H](N)C(=O)N[C@@H](Cc1c[nH]c2ccccc12)C(=O)O,,,,,,
CHEMBL301245,1.77,CC(C)C[C@H](NC(=O)[C@H](Cc1ccccc1)NC(=O)C)C(=O)O,,,,,,
CHEMBL56945,1.51,N[C@@H](Cc1ccccc1)C(=O)NCC(=O)NCC(=O)N[C@@H](Cc2ccccc2)C(=O)O,,,,,,
CHEMBL354526,5.41,CCCCOc1ccc(CC(=O)C2c3cccc(O)c3C(=O)c4c(O)cccc24)cc1,,,,,,
CHEMBL436600,2.66,Nc1nc(N)c2c(cccc2n1)N3CCCCC3,,,,,,
CHEMBL274585,3.36,I\\C=C\\CN1CCC(COc2ccc(cc2)C#N)CC1,,,,,,
CHEMBL56404,1.82,CC[C@@H](C)[C@H](NC(=O)[C@@H](N)[C@@H](C)CC)C(=O)O,,,,,,
CHEMBL353263,3.02,CN(O)C(=O)Cc1ccc(CC(=O)C2c3cccc(O)c3C(=O)c4c(O)cccc24)cc1,,,,,,
CHEMBL352330,4.91,COc1ccc(COc2ccc(CC(=O)C3c4cccc(O)c4C(=O)c5c(O)cccc35)cc2)cc1,,,,,,
CHEMBL299661,2.58,Nc1ccc(cc1)C2=NNC(=O)Cc3cc4OCOc4cc23,,,,,,
CHEMBL336047,2.85,CCCSc1cccc2nc(N)nc(N)c12,,,,,,
CHEMBL75345,0.24,CO[C@@]12C(COC(=O)N)C3=C(N1CC4NC24)C(=O)C(=C(NCC#C)C3=O)C,,,,,,
CHEMBL73968,1.3,CO[C@]12C3NC3CN1C4=C(C2COC(=O)N)C(=O)C(=C(C)C4=O)Nc5ccccc5,,,,,,
CHEMBL75298,1.74,CO[C@]12C3NC3CN1C4=C(C2COC(=O)N)C(=O)C(=C(C)C4=O)OCCOc5ccccc5,,,,,,
CHEMBL54609,2.95,CC[C@H](C)[C@H](N)C(=O)N[C@@H]([C@@H](C)O)C(=O)O,,,,,,
CHEMBL294461,0.94,CC(C)C[C@H](N)C(=O)N[C@@H](CC(C)C)C(=O)N[C@@H](CC(C)C)C(=O)O,,,,,,
CHEMBL291475,1.74,C[C@H](NC(=O)c1ccccc1)C(=O)O,,,,,,
CHEMBL57082,1.55,N[C@@H](Cc1ccccc1)C(=O)NCC(=O)N[C@@H](Cc2ccccc2)C(=O)NCC(=O)O,,,,,,
CHEMBL46647,1.77,Nc1nc(ns1)c2cccs2,,,,,,
CHEMBL354744,3.58,Oc1cccc2C(C(=O)Cc3ccc(cc3)C#N)c4cccc(O)c4C(=O)c12,,,,,,
CHEMBL417001,2.93,FCCCN1CCC(COc2ccc(cc2)C#N)CC1,,,,,,
CHEMBL55433,2.56,CC[C@H](C)[C@H](NC(=O)CN)C(=O)O,,,,,,
CHEMBL301604,4.04,CC[C@H](C)[C@H](N)C(=O)N[C@@H](CC(=O)O)C(=O)O,,,,,,
CHEMBL293494,2.41,CC(C)C[C@H](NC(=O)[C@@H]1CCCN1)C(=O)O,,,,,,
CHEMBL53894,3.18,CC(C)C[C@H](N)C(=O)N[C@@H](CCC(=O)O)C(=O)N[C@@H](CC(C)C)C(=O)O,,,,,,
CHEMBL292389,1.77,CCOC(=O)[C@@H](N)Cc1ccc(O)cc1,,,,,,
CHEMBL294389,1.83,CCOC(=O)[C@H](Cc1ccccc1)NC(=O)C,,,,,,
CHEMBL47737,1.78,CC(C)(C)c1ccc(cc1)c2nsc(N)n2,,,,,,
CHEMBL168564,4.11,Oc1cccc2C(C(=O)Cc3ccc(F)cc3)c4cccc(O)c4C(=O)c12,,,,,,
CHEMBL354020,4.74,Oc1cccc2C(C(=O)Cc3ccc(Cl)c(Cl)c3)c4cccc(O)c4C(=O)c12,,,,,,
CHEMBL275006,3.51,CC1=NN=C(c2ccc(N)cc2)c3cc4OCOc4cc3C1,,,,,,
CHEMBL337786,-0.33,NC(=O)c1cccc2nc(N)nc(N)c12,,,,,,
CHEMBL138244,0.63,CS(=O)(=O)c1cccc2nc(N)nc(N)c12,,,,,,
CHEMBL46352,-1.1,CO[C@@]12C(COC(=O)N)C3=C(N1CC4NC24)C(=O)C(=C(OCCO)C3=O)C,,,,,,
CHEMBL295626,4.32,Ic1ccc(OCC2CCN(Cc3ccccc3C#N)CC2)cc1,,,,,,
CHEMBL56926,3.28,COC(=O)[C@H](CC(C)C)NC(=O)CNC(=O)C,,,,,,
CHEMBL55904,2.77,CC(C)C[C@H](NC(=O)[C@H](C)NC(=O)[C@H](C)N)C(=O)O,,,,,,
CHEMBL343543,1.18,COc1cccc2nc(N)nc(N)c12,,,,,,
CHEMBL46374,3.8,OCCN1CCC(COc2ccc(I)cc2)CC1,,,,,,
CHEMBL45156,5.88,FCCCN1CCC(COc2ccc(Br)cc2)CC1,,,,,,
CHEMBL46519,2.42,FCCN1CCC(COc2ccc(cc2)C#N)CC1,,,,,,
CHEMBL48832,1.74,CC[C@H](C)[C@H](N)C(=O)N[C@@H](CC(C)C)C(=O)O,,,,,,
CHEMBL286852,0.27,N[C@@H](Cc1c[nH]c2ccccc12)C(=O)N[C@@H](Cc3c[nH]c4ccccc34)C(=O)O,,,,,,
CHEMBL137484,5.01,CC(C)CC(C\\C=C\\1/CC(CO)(COC(=O)C(C)(C)C)NC1=O)CC(C)C,,,,,,
CHEMBL354478,4.71,OC1=CCCC2=C1C(=O)c3c(O)cccc3C2C(=O)Cc4ccc5ccccc5c4,,,,,,
CHEMBL439837,5.02,Oc1cccc2C(C(=O)Cc3ccc(cc3)c4ccccc4)c5cccc(O)c5C(=O)c12,,,,,,
CHEMBL138261,1.82,CNC(=O)NC(=O)Cc1cc2OCOc2cc1C(=O)c3ccc(N)cc3,,,,,,
CHEMBL72435,2.38,CO[C@]12C3NC3CN1C4=C(C2COC(=O)N)C(=O)C(=C(C)C4=O)OCCSc5ccccc5,,,,,,
CHEMBL301766,2.97,CC(C)C[C@H](NC(=O)[C@H](C)NC(=O)CN)C(=O)O,,,,,,
CHEMBL54170,2.01,CC(=O)N[C@@H](Cc1c[nH]c2ccccc12)C(=O)O,,,,,,
CHEMBL137288,5.89,CC(C)C(C\\C=C\\1/CC(CO)(COC(=O)CC(C(C)C)C(C)C)OC1=O)C(C)C,,,,,,
CHEMBL167957,4.6,OC1=CCCC2=C1C(=O)c3c(O)cccc3C2C(=O)C(c4ccccc4)c5ccccc5,,,,,,
CHEMBL167634,4.61,OC1=CCCC2=C1C(=O)c3c(O)cccc3C2C(=O)Cc4cccc5ccccc45,,,,,,
CHEMBL168930,4.8,Oc1cccc2C(C(=O)Cc3ccc(I)cc3)c4cccc(O)c4C(=O)c12,,,,,,
CHEMBL166549,3.29,Nc1ccc(CC(=O)C2c3cccc(O)c3C(=O)c4c(O)cccc24)cc1,,,,,,
CHEMBL139184,2.26,CCCOc1cccc2nc(N)nc(N)c12,,,,,,
CHEMBL3707108,1.9,CO[C@@]12C(COC(=O)N)C3=C(N1CC4NC24)C(=O)C(=C(NCCc5occc5)C3=O)C,,,,,,
CHEMBL295661,4.09,Brc1ccccc1CN2CCC(COc3ccc(cc3)C#N)CC2,,,,,,
CHEMBL46880,6.22,Brc1ccc(OCC2CCN(CC3CC3)CC2)cc1,,,,,,
CHEMBL55523,3.04,CC(C)[C@H](N)C(=O)N[C@@H](C)C(=O)O,,,,,,
CHEMBL436353,1.57,CC(C)C[C@H](N)C(=O)N[C@@H](C(C)C)C(=O)N[C@@H](CC(C)C)C(=O)O,,,,,,
CHEMBL296996,2.83,Nc1nc(ns1)c2ccc(Cl)cc2,,,,,,
CHEMBL136760,4.04,CC(C)C(C\\C=C\\1/CC(CO)(COC(=O)C(C)(C)C)OC1=O)C(C)C,,,,,,
CHEMBL542264,4.506,Cl.COc1ccc(CNCCN(C\\C=C(/C)\\CCC=C(C)C)Cc2ccc(OC)c(OC)c2)cc1OC,,,,,,
CHEMBL138268,2.68,COC(=O)Cc1cc2OCOc2cc1Cc3ccc(N)cc3,,,,,,
CHEMBL138729,2.99,CNC(=O)N\\N=C(/c1ccc(N)cc1)\\c2cc3OCOc3cc2CC(=O)OC,,,,,,
CHEMBL274951,1.94,CO[C@]12C3NC3CN1C4=C(C2COC(=O)N)C(=O)C(=C(C)C4=O)OCc5ccccc5,,,,,,
CHEMBL54552,2.82,CC(C)[C@H](N)C(=O)N[C@@H](C(C)C)C(=O)O,,,,,,
CHEMBL96766,5.03,CC(C)CC(C\\C=C/1\\CC(CO)(COC(=O)C(C)(C)C)OC1=O)CC(C)C,,,,,,
CHEMBL94505,3.58,CC(C)CC(C\\C=C/1\\CC(CO)(CN(O)C(=O)C(C)(C)C)OC1=O)CC(C)C,,,,,,
CHEMBL446176,4.16,COc1cccc(CC(=O)C2c3cccc(O)c3C(=O)c4c(O)cccc24)c1,,,,,,
CHEMBL344603,2.41,CCNC(=O)N1N=C(c2ccc(N)cc2)c3cc4OCOc4cc3CC1=O,,,,,,
CHEMBL423673,0.07,CO[C@]12C3NC3CN1c4c(O)c(C)c(N=C5C=CC(=N)C=C5)c(O)c4C2COC(=O)N,,,,,,
CHEMBL53400,3.12,NCC(=O)N[C@@H](Cc1ccc(O)cc1)C(=O)O,,,,,,
CHEMBL57662,2.65,CCOC(=O)[C@@H](Cc1ccc(O)cc1)NC(=O)C,,,,,,
CHEMBL138672,0.83,CCCNC(=O)c1cccc2nc(N)nc(N)c12,,,,,,
CHEMBL48060,2.47,CO[C@@]12C(COC(=O)N)C3=C(N1CC4NC24)C(=O)C(=C(OCC5CCC5)C3=O)C,,,,,,
CHEMBL56119,2.55,CC(C)C[C@H](NC(=O)CN)C(=O)O,,,,,,
CHEMBL299889,2.31,NCC(=O)N[C@@H](Cc1ccccc1)C(=O)O,,,,,,
CHEMBL138729,2.46,CNC(=O)N\\N=C(/c1ccc(N)cc1)\\c2cc3OCOc3cc2CC(=O)OC,,,,,,
CHEMBL76179,1.44,CO[C@]12C3NC3CN1C4=C(C2COC(=O)N)C(=O)C(=C(C)C4=O)Nc5ccc(F)cc5,,,,,,
CHEMBL168628,-0.21,COc1ccccc1CCC(O)CNC(C)(C)C,,,,,,
CHEMBL299889,2.31,NCC(=O)N[C@@H](Cc1ccccc1)C(=O)O,,,,,,
CHEMBL436551,3.87,CC[C@H](C)[C@H](N)C(=O)N[C@@H](CCC(=O)O)C(=O)O,,,,,,
CHEMBL37879,1.17,CC(C)C[C@H](NC(=O)[C@@H](N)Cc1ccccc1)C(=O)O,,,,,,
CHEMBL134570,2.37,CC(=O)NC(Cc1ccccc1)C(=O)O,,,,,,
CHEMBL52988,3.28,CC(C)C[C@H](NC(=O)C)C(=O)NCC(=O)O,,,,,,
CHEMBL168690,4.97,CCCOc1ccc(CC(=O)C2c3cccc(O)c3C(=O)c4c(O)cccc24)cc1,,,,,,
CHEMBL344401,3.34,CCCCNC(=O)N1N=C(c2ccc(N)cc2)c3cc4OCOc4cc3CC1=O,,,,,,
CHEMBL301674,2.78,CC(C)[C@H](NC(=O)[C@H](C)N)C(=O)O,,,,,,
CHEMBL52922,2.07,OC(=O)[C@H](Cc1ccccc1)NC(=O)[C@@H]2CCCN2,,,,,,
CHEMBL52895,3.21,CC(C)C[C@H](NC(=O)CNC(=O)CN)C(=O)O,,,,,,
CHEMBL300799,3.21,CC(C)CC(NC(=O)CN)C(=O)NCC(=O)O,,,,,,
CHEMBL57338,2.11,C[C@H](N)C(=O)N[C@@H](Cc1ccccc1)C(=O)O,,,,,,
CHEMBL55711,2.9,CC(C)C[C@H](N)C(=O)NCC(=O)O,,,,,,
CHEMBL417979,2.52,N[C@@H](Cc1ccccc1)C(=O)NCC(=O)O,,,,,,
CHEMBL137701,4.04,CC(C)C(C\\C=C/1\\CC(CO)(COC(=O)C(C)(C)C)OC1=O)C(C)C,,,,,,
CHEMBL137597,6.88,CC(C)CC(C\\C=C/1\\CC(CO)(COC(=O)CC(C(C)C)C(C)C)OC1=O)CC(C)C,,,,,,
CHEMBL337114,3.24,CCCOC(=O)Cc1cc2OCOc2cc1\\C(=N\\NC(=O)NC)\\c3ccc(N)cc3,,,,,,
CHEMBL138955,3.81,CCCCNC(=O)N\\N=C(/c1ccc(N)cc1)\\c2cc3OCOc3cc2CC(=O)OC,,,,,,
CHEMBL337313,2.23,CNC(=O)NC(=O)Cc1cc2OCOc2cc1Cc3ccc(N)cc3,,,,,,
CHEMBL105,-0.38,CO[C@]12[C@H]3N[C@H]3CN1C4=C([C@H]2COC(=O)N)C(=O)C(=C(C)C4=O)N,,,,,,
CHEMBL55004,3.87,CC[C@H](C)[C@H](N)C(=O)N[C@@H](CC(=O)N)C(=O)O,,,,,,
CHEMBL55660,3.45,CC[C@H](C)[C@H](N)C(=O)N[C@@H](CCC(=O)N)C(=O)O,,,,,,
CHEMBL54572,1.84,N[C@@H](Cc1ccccc1)C(=O)N[C@@H](Cc2ccc(O)cc2)C(=O)O,,,,,,
CHEMBL53813,2.55,CC(C)C[C@@H](NC(=O)CN)C(=O)O,,,,,,
CHEMBL44957,3.72,CC(C)(C)c1cc(cc(c1O)C(C)(C)C)c2noc(N)n2,,,,,,
CHEMBL139231,2.89,CCNC(=O)N\\N=C(/c1ccc(N)cc1)\\c2cc3OCOc3cc2CC(=O)OC,,,,,,
CHEMBL136542,3.67,CCCOC(=O)Cc1cc2OCOc2cc1\\C(=N\\NC(=O)NCC)\\c3ccc(N)cc3,,,,,,
CHEMBL343286,2.78,Nc1nc(N)c2c(Oc3ccccc3)cccc2n1,,,,,,
CHEMBL168987,-0.44,COc1ccccc1OCC(O)CNC(C)(C)C,,,,,,
CHEMBL546,0.2,CC(C)NCC(O)COc1ccccc1OCC=C,,,,,,
CHEMBL55967,2.56,CC[C@H](C)[C@H](NC(=O)[C@@H]1CCCN1)C(=O)O,,,,,,
CHEMBL301700,3.28,CC(C)C[C@H](NC(=O)CNC(=O)C)C(=O)O,,,,,,
CHEMBL44164,2.05,Nc1nc(Cc2ccccc2)ns1,,,,,,
CHEMBL336926,5.01,CC(C)CC(C\\C=C/1\\CC(CO)(COC(=O)C(C)(C)C)NC1=O)CC(C)C,,,,,,
CHEMBL343829,3.24,CCCNC(=O)N\\N=C(/c1ccc(N)cc1)\\c2cc3OCOc3cc2CC(=O)OC,,,,,,
CHEMBL137917,1.11,Nc1nc(N)c2c(cccc2n1)N3CCOCC3,,,,,,
CHEMBL166494,1.24,NC(=O)c1cc(OCCNCC(O)c2ccccc2)ccc1O,,,,,,
CHEMBL31634,0.33,OC[C@H]1O[C@H](C[C@@H]1O)N2C=C(\\C=C\\Br)C(=O)NC2=O,,,,,,
CHEMBL46559,3.22,Fc1ccc(CN2CCC(COc3ccc(cc3)C#N)CC2)cc1,,,,,,
CHEMBL57312,2.55,COC(=O)[C@H](CC(C)C)NC(=O)CN,,,,,,
CHEMBL55771,-1.74,C[C@@H](NC(=O)c1ccccc1)C(=O)O,,,,,,
CHEMBL138279,4.64,CC(C)CC(C\\C=C\\1/CC(CO)(COC(=O)C(C)(C)C)N(O)C1=O)CC(C)C,,,,,,
CHEMBL166103,4.4,Oc1cccc2C(C(=O)Cc3ccc(cc3)C(F)(F)F)c4cccc(O)c4C(=O)c12,,,,,,
CHEMBL139285,4.24,CCCCOC(=O)Cc1cc2OCOc2cc1\\C(=N\\NC(=O)NCC)\\c3ccc(N)cc3,,,,,,
CHEMBL54363,2.31,CC(C)C[C@H](N)C(=O)NCC(=O)N[C@@H](CC(C)C)C(=O)O,,,,,,
CHEMBL54936,1.15,CC(C)C[C@H](N)C(=O)N[C@@H](Cc1ccccc1)C(=O)O,,,,,,
CHEMBL350175,5.19,COc1cccc(COc2ccc(CC(=O)C3c4cccc(O)c4C(=O)c5c(O)cccc35)cc2)c1,,,,,,
CHEMBL353682,4.43,CC(C(=O)C1c2cccc(O)c2C(=O)c3c(O)cccc13)c4ccccc4,,,,,,
CHEMBL417899,4.19,Ic1ccc(OCC2CCN(Cc3cccc(c3)C#N)CC2)cc1,,,,,,
CHEMBL289196,6.36,Brc1cccc(OCC2CCN(CC3CC3)CC2)c1,,,,,,
CHEMBL168891,1.14,COc1ccccc1OCC(O)CNCCOc2ccc(O)c(c2)C(=O)N,,,,,,
CHEMBL294193,2.35,CC(C)C[C@H](NC(=O)[C@H](C)N)C(=O)O,,,,,,
CHEMBL54665,0.5,CCOC(=O)[C@@H](N)Cc1c[nH]c2ccccc12,,,,,,
CHEMBL165935,4.49,Oc1cccc2C(C(=O)Cc3ccc(Cl)cc3)c4cccc(O)c4C(=O)c12,,,,,,
CHEMBL140289,1.09,CNC(=O)NC(=O)Cc1ccc2OCOc2c1,,,,,,
CHEMBL341590,2.81,CCCCOc1cccc2nc(N)nc(N)c12,,,,,,
CHEMBL416827,-1.08,CO[C@@]12C(COC(=O)N)C3=C(N1CC4NC24)C(=O)C(=C(OCCOCCO)C3=O)C,,,,,,
CHEMBL352576,1.83,CC(=O)NCc1ccc(CN2CCN(CC2)c3ccc(F)cc3F)cc1,,,,,,
CHEMBL351923,2.8,COC(=O)c1[nH]cc(c2ccccc2C)c1N3CCOCC3,,,,,,
CHEMBL77215,1,CN1C(=O)C(=Nc2cc(ccc12)C(C)(C)C(=O)N3CCCC3)Cc4ccc(cc4)C(=N)N,,,,,,
CHEMBL171453,-0.09,CC(=O)NCc1ccc(CN2CCN(CC2)c3cnccn3)cc1,,,,,,
CHEMBL87521,3.62,Oc1c2SCCc2nn1c3ccc(Cl)c(Cl)c3,,,,,,
CHEMBL92163,2.47,OCCCNCCCCNCC1CCN(CC1)C(=O)Cc2cccc3ccccc23,,,,,,
CHEMBL25101,1.74,NCCCNCCCCNCCCNC(=O)Cc1cccc2ccccc12,,,,,,
CHEMBL85772,3.06,Oc1c2SCCc2nn1c3ccc(Cl)cc3,,,,,,
CHEMBL369605,2.59,CCC(NC(=O)C)c1ccc(CN2CCN(CC2)c3ccccc3)cc1,,,,,,
CHEMBL172288,2.83,CC(=O)NC(C)(C)c1ccc(CN2CCN(CC2)c3ccccc3)cc1,,,,,,
CHEMBL78282,3.49,CCCCCCOC(=O)c1ccc(OS(=O)(=O)N)cc1,,,,,,
CHEMBL95,2.71,Nc1c2CCCCc2nc3ccccc13,,,,,,
CHEMBL355457,3.35,CCC(CC)(NC(=O)C)c1ccc(CN2CCN(CC2)c3ccccc3)cc1,,,,,,
CHEMBL169586,1.18,CC(=O)NC(C)(C)c1ccc(CN2CCN(CC2)c3ncccn3)cc1,,,,,,
CHEMBL169211,1.58,CC(=O)NC1(CC1)c2ccc(CN3CCN(CC3)c4nccs4)cc2,,,,,,
CHEMBL163189,3.7,Clc1ccc(cc1)c2c[nH]c(C(=O)NCC=C)c2N3CCOCC3,,,,,,
CHEMBL88048,0.81,O=S(=O)(Oc1ccc(cc1)c2c[nH]c(SCCc3c[nH]cn3)n2)c4ccccc4,,,,,,
CHEMBL88048,3.72,O=S(=O)(Oc1ccc(cc1)c2c[nH]c(SCCc3c[nH]cn3)n2)c4ccccc4,,,,,,
CHEMBL77121,2.3,CCCOC(=O)c1ccc(OS(=O)(=O)N)cc1,,,,,,
CHEMBL305637,5.08,CCCCCCCCCCOC(=O)c1ccc(OS(=O)(=O)N)cc1,,,,,,
CHEMBL286738,2.65,NS(=O)(=O)Oc1ccc2C3=C(CCCCC3)C(=O)Oc2c1,,,,,,
CHEMBL311899,1.49,COC(=O)c1ccc(OS(=O)(=O)N)cc1,,,,,,
CHEMBL75255,1.7,CCOC(=O)C(C)(C)c1ccc2c(C)cc(Oc3ccc(cc3)C(=N)N)nc2c1,,,,,,
CHEMBL88162,7.51,O=C(Cc1cccc2ccccc12)N3CCC(CCCCCCNCC4CCCCC4)CC3,,,,,,
CHEMBL384467,1.72,C[C@@H]1C[C@H]2[C@@H]3CCC4=CC(=O)C=C[C@]4(C)[C@@]3(F)[C@@H](O)C[C@]2(C)[C@@]1(O)C(=O)CO,,,,,,
CHEMBL170307,1.55,CC(=O)NCc1ccc(CN2CCN(CC2)c3ccccc3)cc1,,,,,,
CHEMBL170148,0.88,CC(=O)NCc1ccc(CN2CCN(CC2)c3ccccn3)cc1,,,,,,
CHEMBL171318,1.99,CC(NC(=O)C)c1ccc(CN2CCN(CC2)c3cccc(F)n3)cc1,,,,,,
CHEMBL162545,3.3,COC(=O)c1[nH]cc(c2ccc(Cl)cc2)c1N(C)CCN(C)C,,,,,,
CHEMBL90895,3.21,CN(C)CCCCNCC1CCN(CC1)C(=O)Cc2cccc3ccccc23,,,,,,
CHEMBL155465,3.87,NS(=O)(=O)Oc1ccc(cc1)C(=O)OC2CCCCCCC2,,,,,,
CHEMBL421350,-1.34,NC(=O)c1ccc(cc1)c2c[nH]c(SCCc3c[nH]cn3)n2,,,,,,
CHEMBL421350,1.4,NC(=O)c1ccc(cc1)c2c[nH]c(SCCc3c[nH]cn3)n2,,,,,,
CHEMBL163109,3.5,COC(=O)c1[nH]cc(c2ccc(Cl)cc2)c1N3CCOCC3,,,,,,
CHEMBL88051,0,[O-][N+](=O)c1ccc(cc1)c2c[nH]c(SCCc3c[nH]cn3)n2,,,,,,
CHEMBL88051,2.75,[O-][N+](=O)c1ccc(cc1)c2c[nH]c(SCCc3c[nH]cn3)n2,,,,,,
CHEMBL351309,3.9,CCOC(=O)c1[nH]cc(c2ccc(Cl)cc2)c1N3CCOCC3,,,,,,
CHEMBL161928,5.5,COC(=O)c1c(N2CCOCC2)c(cn1C(=O)c3ccccc3)c4ccc(Cl)cc4,,,,,,
CHEMBL421505,4.29,CCCCCCCCOC(=O)c1ccc(OS(=O)(=O)N)cc1,,,,,,
CHEMBL347202,2.68,NS(=O)(=O)Oc1ccc(cc1)C(=O)OC2CCCC2,,,,,,
CHEMBL443552,3.08,NS(=O)(=O)Oc1ccc(cc1)C(=O)OC2CCCCC2,,,,,,
CHEMBL988,1.73,CC12CC(O)[C@@]3(F)C(CCC4=CC(=O)CCC34C)C1CC[C@]2(O)C(=O)CO,,,,,,
CHEMBL171923,1.8,CC(=O)NC1(CC1)c2ccc(CN3CCN(CC3)c4cccc(F)n4)cc2,,,,,,
CHEMBL164148,4.4,COC(=O)c1[nH]cc(c2ccc(Cl)cc2)c1N3CCN(CC3)c4ccccc4,,,,,,
CHEMBL348947,3.5,COC(=O)c1c(N2CCOCC2)c(cn1C(=O)C)c3ccc(Cl)cc3,,,,,,
CHEMBL131,1.55,C[C@]12C[C@H](O)[C@H]3[C@@H](CCC4=CC(=O)C=C[C@]34C)[C@@H]1CC[C@]2(O)C(=O)CO,,,,,,
CHEMBL389621,1.54,C[C@]12CCC(=O)C=C1CC[C@H]3[C@@H]4CC[C@](O)(C(=O)CO)[C@@]4(C)C[C@H](O)[C@H]23,,,,,,
CHEMBL169655,2.01,CC(=O)NC(C)(C)c1ccc(CN2CCN(CC2)c3nccs3)cc1,,,,,,
CHEMBL92156,3.45,O=C(Cc1cccc2ccccc12)N3CCC(CNCCCCNCC4CCOCC4)CC3,,,,,,
CHEMBL90950,5.32,O=C(Cc1cccc2ccccc12)N3CCC(CNCCCCNCC4CCCCC4)CC3,,,,,,
CHEMBL306782,3.1,CCCCCOC(=O)c1ccc(OS(=O)(=O)N)cc1,,,,,,
CHEMBL11185,1.6,CC1=CC(=O)Oc2cc(OS(=O)(=O)N)ccc12,,,,,,
CHEMBL87428,2.01,Oc1c2[S+]([O-])CCc2nn1c3ccc(Cl)c(Cl)c3,,,,,,
CHEMBL169325,1.9,CC(=O)NC1(CC1)c2ccc(CN3CCN(CC3)c4ccccc4)cc2,,,,,,